date,total,mean_bureau,median_bureau,reg_type,ln_total,group,post
2007-01-01,108954.0,2179.08,1142.0,mortgage,11.598681053787852,treatment,0
2007-02-01,117893.0,2357.86,1300.0,mortgage,11.677532712413406,treatment,0
2007-03-01,184520.0,3690.4,2027.0,mortgage,12.125513137671756,treatment,0
2007-04-01,197621.0,3952.42,1549.5,mortgage,12.194106333952728,treatment,0
2007-05-01,159324.0,3186.48,1416.0,mortgage,11.978695143683902,treatment,0
2007-06-01,131413.0,2628.26,1353.5,mortgage,11.786100314689937,treatment,0
2007-07-01,146347.0,2926.94,1438.5,mortgage,11.893735793105693,treatment,0
2007-08-01,143693.0,2873.86,1346.0,mortgage,11.875434358284934,treatment,0
2007-09-01,116523.0,2330.46,1171.0,mortgage,11.665843957394866,treatment,0
2007-10-01,161883.0,3237.66,1490.0,mortgage,11.99462913106419,treatment,0
2007-11-01,131927.0,2638.54,1346.5,mortgage,11.790004018287815,treatment,0
2007-12-01,171390.0,3427.8,1613.5,mortgage,12.051696940386618,treatment,0
2008-01-01,107090.0,2141.8,1077.0,mortgage,11.58142488139492,treatment,0
2008-02-01,118024.0,2360.48,1171.5,mortgage,11.678643272597403,treatment,0
2008-03-01,175746.0,3514.92,1680.5,mortgage,12.076795049812201,treatment,0
2008-04-01,193747.0,3874.94,1912.5,mortgage,12.17430846322475,treatment,0
2008-05-01,134101.0,2682.02,1378.0,mortgage,11.806348526363516,treatment,0
2008-06-01,131393.0,2627.86,1466.0,mortgage,11.785948111163087,treatment,0
2008-07-01,154293.0,3085.86,1653.5,mortgage,11.946608671152378,treatment,0
2008-08-01,129039.0,2580.78,1380.0,mortgage,11.767869963234034,treatment,0
2008-09-01,134644.0,2692.88,1493.5,mortgage,11.810389537276627,treatment,0
2008-10-01,155902.0,3118.04,1487.0,mortgage,11.95698288369995,treatment,0
2008-11-01,118643.0,2372.86,1133.0,mortgage,11.683874263073367,treatment,0
2008-12-01,147503.0,2950.06,1489.5,mortgage,11.901603793538229,treatment,0
2009-01-01,124409.0,2488.18,1195.0,mortgage,11.73132980393716,treatment,0
2009-02-01,115851.0,2317.02,1044.0,mortgage,11.6600601616748,treatment,0
2009-03-01,164072.0,3281.44,1432.5,mortgage,12.00806063485357,treatment,0
2009-04-01,182117.0,3642.34,1623.5,mortgage,12.112404616657651,treatment,0
2009-05-01,122085.0,2441.7,1055.5,mortgage,11.712472802429252,treatment,0
2009-06-01,144338.0,2886.76,1457.0,mortgage,11.879913050357342,treatment,0
2009-07-01,148007.0,2960.14,1409.0,mortgage,11.905014848925067,treatment,0
2009-08-01,131742.0,2634.84,1273.5,mortgage,11.788600743497392,treatment,0
2009-09-01,127909.0,2558.18,1297.0,mortgage,11.759074352565849,treatment,0
2009-10-01,150857.0,3017.14,1524.0,mortgage,11.924087647222885,treatment,0
2009-11-01,118685.0,2373.7,1177.0,mortgage,11.684228203615053,treatment,0
2009-12-01,152967.0,3059.34,1442.5,mortgage,11.937977490836433,treatment,0
2010-01-01,121006.0,2420.12,1090.0,mortgage,11.703595410126354,treatment,0
2010-02-01,111927.0,2238.54,1143.5,mortgage,11.625602152058294,treatment,0
2010-03-01,176327.0,3526.54,1752.5,mortgage,12.080095504703106,treatment,0
2010-04-01,170482.0,3409.64,1625.0,mortgage,12.046384998285102,treatment,0
2010-05-01,119295.0,2385.9,1236.5,mortgage,11.689354696059345,treatment,0
2010-06-01,127786.0,2555.72,1249.5,mortgage,11.758112268759067,treatment,0
2010-07-01,133385.0,2667.7,1265.0,mortgage,11.800994962363275,treatment,0
2010-08-01,134711.0,2694.22,1356.0,mortgage,11.810887022018932,treatment,0
2010-09-01,129658.0,2593.16,1342.0,mortgage,11.77265549365244,treatment,0
2010-10-01,150742.0,3014.84,1402.0,mortgage,11.92332504518791,treatment,0
2010-11-01,130175.0,2603.5,1253.5,mortgage,11.7766349780311,treatment,0
2010-12-01,159580.0,3191.6,1506.0,mortgage,11.980300642862272,treatment,0
2011-01-01,134818.0,2696.36,1307.5,mortgage,11.811680999703123,treatment,0
2011-02-01,118519.0,2370.38,1155.0,mortgage,11.682828564257374,treatment,0
2011-03-01,179249.0,3584.98,1720.0,mortgage,12.096531179645748,treatment,0
2011-04-01,167286.0,3345.72,1482.0,mortgage,12.027460201465013,treatment,0
2011-05-01,113612.0,2272.24,1240.5,mortgage,11.640544413493148,treatment,0
2011-06-01,121697.0,2433.94,1301.5,mortgage,11.709289627891176,treatment,0
2011-07-01,123841.0,2476.82,1276.5,mortgage,11.726753763726352,treatment,0
2011-08-01,135040.0,2700.8,1360.5,mortgage,11.813326309829783,treatment,0
2011-09-01,125444.0,2508.88,1192.5,mortgage,11.739614722830932,treatment,0
2011-10-01,142620.0,2852.4,1437.5,mortgage,11.867939029582294,treatment,0
2011-11-01,126408.0,2528.16,1212.0,mortgage,11.747270049831336,treatment,0
2011-12-01,146647.0,2932.94,1611.0,mortgage,11.895783617326254,treatment,0
2012-01-01,130688.0,2613.76,1441.0,mortgage,11.780568082084283,treatment,0
2012-02-01,122901.0,2458.02,1290.5,mortgage,11.719134432217524,treatment,0
2012-03-01,150696.0,3013.92,1614.0,mortgage,11.923019841462056,treatment,0
2012-04-01,159159.0,3183.18,1593.5,mortgage,11.977658981535452,treatment,0
2012-05-01,132327.0,2646.54,1336.0,mortgage,11.793031410913876,treatment,0
2012-06-01,118637.0,2372.74,1211.0,mortgage,11.683823689910849,treatment,0
2012-07-01,128493.0,2569.86,1313.5,mortgage,11.763629707125439,treatment,0
2012-08-01,138429.0,2768.58,1367.5,mortgage,11.83811283778803,treatment,0
2012-09-01,119031.0,2380.62,1298.0,mortgage,11.68713924237002,treatment,0
2012-10-01,159642.0,3192.84,1455.0,mortgage,11.980689087272617,treatment,0
2012-11-01,134699.0,2693.98,1192.5,mortgage,11.810797938465925,treatment,0
2012-12-01,148595.0,2971.9,1558.5,mortgage,11.908979763324206,treatment,0
2013-01-01,129551.0,2591.02,1083.5,mortgage,11.771829904987866,treatment,0
2013-02-01,125678.0,2513.56,1205.0,mortgage,11.741478359371946,treatment,0
2013-03-01,150211.0,3004.22,1542.5,mortgage,11.919796251316322,treatment,0
2013-04-01,182187.0,3643.74,1626.0,mortgage,12.112788911097796,treatment,0
2013-05-01,147686.0,2953.72,1372.5,mortgage,11.902843677297067,treatment,0
2013-06-01,134776.0,2695.52,1246.5,mortgage,11.81136942006604,treatment,0
2013-07-01,162981.0,3259.62,1495.0,mortgage,12.001388908577562,treatment,0
2013-08-01,139376.0,2787.52,1273.0,mortgage,11.844930596058672,treatment,0
2013-09-01,133609.0,2672.18,1218.5,mortgage,11.802672903085206,treatment,0
2013-10-01,168230.0,3364.6,1440.5,mortgage,12.033087369713206,treatment,0
2013-11-01,138189.0,2763.78,1220.0,mortgage,11.836377592357714,treatment,0
2013-12-01,163568.0,3271.36,1362.5,mortgage,12.004984084996796,treatment,0
2014-01-01,134845.0,2696.9,1261.5,mortgage,11.811881249645385,treatment,0
2014-02-01,115241.0,2304.82,1040.5,mortgage,11.654780866703335,treatment,0
2014-03-01,153701.0,3074.02,1631.5,mortgage,11.942764435686394,treatment,0
2014-04-01,196217.0,3924.34,1669.5,mortgage,12.186976468639134,treatment,0
2014-05-01,124304.0,2486.08,1116.0,mortgage,11.730485457190202,treatment,0
2014-06-01,118913.0,2378.26,1061.5,mortgage,11.68614741227829,treatment,0
2014-07-01,134643.0,2692.86,1310.0,mortgage,11.810382110256384,treatment,0
2014-08-01,116946.0,2338.92,1193.0,mortgage,11.669467568776696,treatment,0
2014-09-01,126799.0,2535.98,1215.0,mortgage,11.750358434518834,treatment,0
2014-10-01,157808.0,3156.16,1368.5,mortgage,11.969134383193774,treatment,0
2014-11-01,111991.0,2239.82,1110.5,mortgage,11.626173789905566,treatment,0
2014-12-01,140202.0,2804.04,1306.5,mortgage,11.850839518816112,treatment,0
2015-01-01,125358.0,2507.16,1130.5,mortgage,11.738928922850306,treatment,0
2015-02-01,114282.0,2285.64,1001.0,mortgage,11.646424357066614,treatment,0
2015-03-01,170806.0,3416.12,1682.0,mortgage,12.048283688525226,treatment,0
2015-04-01,180908.0,3618.16,1516.0,mortgage,12.105743893733369,treatment,0
2015-05-01,120263.0,2405.26,1054.5,mortgage,11.697436290232856,treatment,0
2015-06-01,134543.0,2690.86,1207.0,mortgage,11.809639129532274,treatment,0
2015-07-01,138812.0,2776.24,1292.0,mortgage,11.840875778649206,treatment,0
2015-08-01,125899.0,2517.98,1144.0,mortgage,11.74323527718914,treatment,0
2015-09-01,120199.0,2403.98,1200.5,mortgage,11.696903981581084,treatment,0
2015-10-01,158104.0,3162.08,1363.0,mortgage,11.97100832332027,treatment,0
2015-11-01,116482.0,2329.64,1081.5,mortgage,11.665492033612775,treatment,0
2015-12-01,136566.0,2731.32,1316.0,mortgage,11.82456329323424,treatment,0
2016-01-01,119668.0,2393.36,1042.0,mortgage,11.692476520801515,treatment,0
2016-02-01,123070.0,2461.4,1049.5,mortgage,11.720508578166383,treatment,0
2016-03-01,162425.0,3248.5,1611.5,mortgage,11.997971635748732,treatment,0
2016-04-01,178306.0,3566.12,1549.0,mortgage,12.091256454434792,treatment,0
2016-05-01,159969.0,3199.38,1289.0,mortgage,11.982735325444008,treatment,0
2016-06-01,157682.0,3153.64,1374.5,mortgage,11.968335625662956,treatment,0
2016-07-01,150362.0,3007.24,1255.0,mortgage,11.920800998999601,treatment,0
2016-08-01,160039.0,3200.78,1360.0,mortgage,11.98317281451376,treatment,0
2016-09-01,148788.0,2975.76,1293.0,mortgage,11.910277752967842,treatment,0
2016-10-01,162494.0,3249.88,1348.5,mortgage,11.998396356993332,treatment,0
2016-11-01,144540.0,2890.8,1250.5,mortgage,11.881311564836972,treatment,0
2016-12-01,153817.0,3076.34,1455.5,mortgage,11.94351886310529,treatment,0
2017-01-01,133277.0,2665.54,1166.0,mortgage,11.800184948143738,treatment,0
2017-02-01,129319.0,2586.38,1163.5,mortgage,11.770037499053517,treatment,0
2017-03-01,175541.0,3510.82,1537.5,mortgage,12.075627912837186,treatment,0
2017-04-01,172094.0,3441.88,1414.5,mortgage,12.055796118140405,treatment,0
2017-05-01,141458.0,2829.16,1184.5,mortgage,11.859758132217731,treatment,0
2017-06-01,134203.0,2684.06,1199.5,mortgage,11.807108857964343,treatment,0
2017-07-01,133562.0,2671.24,1242.0,mortgage,11.80232106848875,treatment,0
2017-08-01,139164.0,2783.28,1308.0,mortgage,11.843408372744703,treatment,0
2017-09-01,125791.0,2515.82,1141.0,mortgage,11.742377078558851,treatment,0
2017-10-01,149127.0,2982.54,1274.5,mortgage,11.91255357087776,treatment,0
2017-11-01,129386.0,2587.72,1070.0,mortgage,11.770555463542012,treatment,0
2017-12-01,144979.0,2899.58,1403.5,mortgage,11.884344183327977,treatment,0
2018-01-01,111534.0,2230.68,918.0,mortgage,11.6220847561352,treatment,0
2018-02-01,120944.0,2418.88,1014.5,mortgage,11.703082907531957,treatment,0
2018-03-01,162080.0,3241.6,1397.5,mortgage,11.99584531948251,treatment,0
2018-04-01,161949.0,3238.98,1416.5,mortgage,11.99503674983512,treatment,0
2018-05-01,140757.0,2815.14,1092.5,mortgage,11.854790278335424,treatment,0
2018-06-01,117085.0,2341.7,1072.5,mortgage,11.670655445736113,treatment,0
2018-07-01,129695.0,2593.9,1175.5,mortgage,11.772940819060288,treatment,0
2018-08-01,128589.0,2571.78,1141.5,mortgage,11.764376550579764,treatment,0
2018-09-01,105962.0,2119.24,937.5,mortgage,11.570835818255063,treatment,0
2018-10-01,150039.0,3000.78,1280.5,mortgage,11.91865053928425,treatment,0
2018-11-01,128513.0,2570.26,1123.5,mortgage,11.763785345515519,treatment,0
2018-12-01,142855.0,2857.1,1459.5,mortgage,11.86958540879646,treatment,0
2019-01-01,113641.0,2272.82,983.0,mortgage,11.640799635647817,treatment,0
2019-02-01,113639.0,2272.78,1097.5,mortgage,11.640782036210997,treatment,0
2019-03-01,140702.0,2814.04,1309.0,mortgage,11.854399457642534,treatment,0
2019-04-01,156865.0,3137.3,1316.5,mortgage,11.963140841816465,treatment,0
2019-05-01,138330.0,2766.6,1156.5,mortgage,11.83739741386886,treatment,0
2019-06-01,128773.0,2575.46,1135.0,mortgage,11.765806443348318,treatment,0
2019-07-01,146717.0,2934.34,1312.5,mortgage,11.896260840171106,treatment,0
2019-08-01,122358.0,2447.16,1047.0,mortgage,11.714706452920401,treatment,0
2019-09-01,113611.0,2272.22,1000.5,mortgage,11.640535611567286,treatment,0
2019-10-01,156270.0,3125.4,1329.5,mortgage,11.959340559407346,treatment,0
2019-11-01,117625.0,2352.5,991.5,mortgage,11.67525687688768,treatment,0
2019-12-01,131712.0,2634.24,1219.0,mortgage,11.788372999753667,treatment,0
2020-01-01,107437.0,2148.74,1005.5,mortgage,11.584659908245847,treatment,0
2020-02-01,108393.0,2167.86,1021.0,mortgage,11.59351879025683,treatment,0
2020-03-01,155738.0,3114.76,1445.5,mortgage,11.955930387132504,treatment,0
2020-04-01,143946.0,2878.92,1332.5,mortgage,11.877193508228055,treatment,0
2020-05-01,112125.0,2242.5,996.5,mortgage,11.627369599361097,treatment,0
2020-06-01,137213.0,2744.26,1270.0,mortgage,11.829289741971806,treatment,0
2020-07-01,121826.0,2436.52,1078.5,mortgage,11.710349076173811,treatment,0
2020-08-01,113231.0,2264.62,1037.0,mortgage,11.637185258850824,treatment,0
2020-09-01,117433.0,2348.66,1053.0,mortgage,11.673623237167268,treatment,0
2020-10-01,138034.0,2760.68,1135.5,mortgage,11.835255310605154,treatment,0
2020-11-01,116764.0,2335.28,1065.5,mortgage,11.667910082688888,treatment,0
2020-12-01,142958.0,2859.16,1291.5,mortgage,11.870306159808198,treatment,0
2021-01-01,111382.0,2227.64,911.0,mortgage,11.620721013527604,treatment,0
2021-02-01,101681.0,2033.62,943.0,mortgage,11.529595740590741,treatment,0
2021-03-01,154521.0,3090.42,1456.5,mortgage,11.94808528841343,treatment,0
2021-04-01,153890.0,3077.8,1216.0,mortgage,11.943993340457897,treatment,0
2021-05-01,121636.0,2432.72,1034.5,mortgage,11.70878825733085,treatment,0
2021-06-01,129285.0,2585.7,1100.5,mortgage,11.76977454874961,treatment,0
2021-07-01,123759.0,2475.18,1084.5,mortgage,11.726091405059163,treatment,0
2021-08-01,122846.0,2456.92,1097.5,mortgage,11.718686817386676,treatment,0
2021-09-01,120866.0,2417.32,1219.0,mortgage,11.702437772899765,treatment,0
2021-10-01,136601.0,2732.02,1158.5,mortgage,11.824819546736247,treatment,0
2021-11-01,126937.0,2538.74,1092.5,mortgage,11.751446179368651,treatment,0
2021-12-01,137060.0,2741.2,1235.5,mortgage,11.828174065139814,treatment,0
2022-01-01,120939.0,2418.78,1034.0,mortgage,11.703041565230095,treatment,0
2022-02-01,102903.0,2058.06,845.0,mortgage,11.541542075916107,treatment,0
2022-03-01,157684.0,3153.68,1427.0,mortgage,11.968348309338431,treatment,0
2022-04-01,142693.0,2853.86,1327.5,mortgage,11.868450748302388,treatment,0
2022-05-01,125365.0,2507.3,1082.5,mortgage,11.738984761365336,treatment,0
2022-06-01,129701.0,2594.02,1062.0,mortgage,11.772987080375044,treatment,0
2022-07-01,117550.0,2351.0,977.5,mortgage,11.674619053968216,treatment,0
2022-08-01,122788.0,2455.76,1017.5,mortgage,11.718214570050575,treatment,0
2022-09-01,114192.0,2283.84,1023.0,mortgage,11.645636521210848,treatment,0
2022-10-01,128191.0,2563.82,1118.0,mortgage,11.761276618196263,treatment,0
2022-11-01,123506.0,2470.12,1107.0,mortgage,11.724045016866004,treatment,0
2022-12-01,130089.0,2601.78,1234.5,mortgage,11.775974110580126,treatment,0
2023-01-01,105731.0,2114.62,862.5,mortgage,11.568653411735378,treatment,0
2023-02-01,103904.0,2078.08,959.0,mortgage,11.551222674902572,treatment,0
2023-03-01,136772.0,2735.44,1292.0,mortgage,11.82607058485854,treatment,0
2023-04-01,136755.0,2735.1,1079.0,mortgage,11.825946282687113,treatment,0
2023-05-01,125051.0,2501.02,1304.5,mortgage,11.736476933075071,treatment,0
2023-06-01,123073.0,2461.46,1125.5,mortgage,11.720532954240454,treatment,0
2023-07-01,120152.0,2403.04,1055.5,mortgage,11.696512886885417,treatment,0
2023-08-01,116768.0,2335.36,1096.0,mortgage,11.667944339236174,treatment,0
2023-09-01,108429.0,2168.58,993.5,mortgage,11.593850859883812,treatment,0
2023-10-01,126974.0,2539.48,1045.5,mortgage,11.751737620072378,treatment,0
2023-11-01,116899.0,2337.98,988.0,mortgage,11.66906559310364,treatment,0
2023-12-01,129080.0,2581.6,1340.0,mortgage,11.768187646165899,treatment,1
2024-01-01,110299.0,2205.98,1077.0,mortgage,11.610950139017358,treatment,1
2024-02-01,108692.0,2173.84,1031.5,mortgage,11.596273473344787,treatment,1
2024-03-01,115885.0,2317.7,1052.0,mortgage,11.66035359903666,treatment,1
2024-04-01,146878.0,2937.56,1245.5,mortgage,11.897357589203876,treatment,1
2024-05-01,136943.0,2738.86,1149.5,mortgage,11.827320059839794,treatment,1
2024-06-01,115081.0,2301.62,1069.5,mortgage,11.653391507234959,treatment,1
2024-07-01,130983.0,2619.66,1128.0,mortgage,11.782822822769939,treatment,1
2024-08-01,117699.0,2353.98,1129.0,mortgage,11.675885797035555,treatment,1
2024-09-01,105132.0,2102.64,929.5,mortgage,11.562971982454364,treatment,1
2024-10-01,140262.0,2805.24,1225.5,mortgage,11.851267381222092,treatment,1
2024-11-01,118403.0,2368.06,967.5,mortgage,11.681849338948883,treatment,1
2024-12-01,128221.0,2564.42,1204.0,mortgage,11.76151061660614,treatment,1
2025-01-01,110240.0,2204.8,965.0,mortgage,11.610415086247485,treatment,1
2025-02-01,100990.0,2019.8,871.0,mortgage,11.522776781020603,treatment,1
2025-03-01,122756.0,2455.12,1076.5,mortgage,11.717953924299254,treatment,1
2025-04-01,148281.0,2965.62,1165.5,mortgage,11.906864401239769,treatment,1
2025-05-01,117782.0,2355.64,1001.0,mortgage,11.676590737166071,treatment,1
2025-06-01,118001.0,2360.02,1015.5,mortgage,11.678448377988165,treatment,1
2025-07-01,126414.0,2528.28,893.5,mortgage,11.747317514055185,treatment,1
2025-08-01,107009.0,2140.18,893.0,mortgage,11.580668222056348,treatment,1
2025-09-01,105501.0,2110.02,923.0,mortgage,11.566475710526321,treatment,1
2025-10-01,135553.0,2711.06,1131.5,mortgage,11.817117986736493,treatment,1
2025-11-01,105846.0,2116.92,768.0,mortgage,11.569740486524461,treatment,1
2025-12-01,125028.0,2500.56,949.5,mortgage,11.736292991200184,treatment,1
2007-01-01,39123.0,782.46,508.5,root_mortgage,10.574465808325012,treatment,0
2007-02-01,41824.0,836.48,585.5,root_mortgage,10.641225616423949,treatment,0
2007-03-01,56001.0,1120.02,767.0,root_mortgage,10.933124826700707,treatment,0
2007-04-01,59098.0,1181.96,789.5,root_mortgage,10.986952361874025,treatment,0
2007-05-01,46652.0,933.04,613.0,root_mortgage,10.750471077810941,treatment,0
2007-06-01,44882.0,897.64,597.0,root_mortgage,10.711792102483521,treatment,0
2007-07-01,49882.0,997.64,613.5,root_mortgage,10.817415495221095,treatment,0
2007-08-01,46504.0,930.08,608.0,root_mortgage,10.747293609381186,treatment,0
2007-09-01,39668.0,793.36,494.5,root_mortgage,10.588300096306016,treatment,0
2007-10-01,51646.0,1032.92,681.0,root_mortgage,10.852168027211935,treatment,0
2007-11-01,43516.0,870.32,591.0,root_mortgage,10.680883965540973,treatment,0
2007-12-01,53609.0,1072.18,691.5,root_mortgage,10.889472243411273,treatment,0
2008-01-01,35229.0,704.58,452.5,root_mortgage,10.469624886033191,treatment,0
2008-02-01,38107.0,762.14,519.5,root_mortgage,10.548153271273168,treatment,0
2008-03-01,48004.0,960.08,629.5,root_mortgage,10.779039619751332,treatment,0
2008-04-01,51294.0,1025.88,707.0,root_mortgage,10.845329065254289,treatment,0
2008-05-01,39255.0,785.1,549.0,root_mortgage,10.577834103632355,treatment,0
2008-06-01,38234.0,764.68,505.0,root_mortgage,10.551480451088963,treatment,0
2008-07-01,42267.0,845.34,537.5,root_mortgage,10.651761918721386,treatment,0
2008-08-01,36129.0,722.58,477.0,root_mortgage,10.494851145928589,treatment,0
2008-09-01,41779.0,835.58,555.5,root_mortgage,10.640149099927033,treatment,0
2008-10-01,45983.0,919.66,588.0,root_mortgage,10.736027041947786,treatment,0
2008-11-01,34441.0,688.82,478.0,root_mortgage,10.447002994124777,treatment,0
2008-12-01,42956.0,859.12,543.5,root_mortgage,10.667931614978107,treatment,0
2009-01-01,35472.0,709.44,481.5,root_mortgage,10.476498931856092,treatment,0
2009-02-01,36200.0,724.0,475.0,root_mortgage,10.496814397813862,treatment,0
2009-03-01,45482.0,909.64,574.0,root_mortgage,10.725071922271374,treatment,0
2009-04-01,46574.0,931.48,637.5,root_mortgage,10.748797724493182,treatment,0
2009-05-01,33094.0,661.88,439.0,root_mortgage,10.40710727605179,treatment,0
2009-06-01,37481.0,749.62,528.0,root_mortgage,10.531589416892908,treatment,0
2009-07-01,39925.0,798.5,543.5,root_mortgage,10.594757973083214,treatment,0
2009-08-01,35382.0,707.64,485.5,root_mortgage,10.473958495228558,treatment,0
2009-09-01,36758.0,735.16,449.0,root_mortgage,10.51211116802542,treatment,0
2009-10-01,40705.0,814.1,556.5,root_mortgage,10.614106214008078,treatment,0
2009-11-01,32356.0,647.12,438.5,root_mortgage,10.384554754137843,treatment,0
2009-12-01,38715.0,774.3,539.0,root_mortgage,10.563982400820825,treatment,0
2010-01-01,33649.0,672.98,441.0,root_mortgage,10.423738616949274,treatment,0
2010-02-01,32078.0,641.56,414.5,root_mortgage,10.375925715897324,treatment,0
2010-03-01,40029.0,800.58,559.0,root_mortgage,10.597359470410531,treatment,0
2010-04-01,43612.0,872.24,619.5,root_mortgage,10.683087620826273,treatment,0
2010-05-01,31331.0,626.62,402.5,root_mortgage,10.35236330172604,treatment,0
2010-06-01,36401.0,728.02,532.5,root_mortgage,10.502351525774941,treatment,0
2010-07-01,37106.0,742.12,495.5,root_mortgage,10.521533960586822,treatment,0
2010-08-01,35583.0,711.66,482.0,root_mortgage,10.479623274697385,treatment,0
2010-09-01,36245.0,724.9,524.0,root_mortgage,10.498056719734977,treatment,0
2010-10-01,39528.0,790.56,484.5,root_mortgage,10.584764560525587,treatment,0
2010-11-01,33952.0,679.04,472.5,root_mortgage,10.43270304141371,treatment,0
2010-12-01,40113.0,802.26,551.5,root_mortgage,10.599455750282775,treatment,0
2011-01-01,33538.0,670.76,452.5,root_mortgage,10.420434403307056,treatment,0
2011-02-01,31479.0,629.58,425.5,root_mortgage,10.357075935826021,treatment,0
2011-03-01,44738.0,894.76,603.0,root_mortgage,10.708578531318057,treatment,0
2011-04-01,40462.0,809.24,459.0,root_mortgage,10.60811854103736,treatment,0
2011-05-01,30999.0,619.98,416.5,root_mortgage,10.341710224882465,treatment,0
2011-06-01,33381.0,667.62,410.0,root_mortgage,10.41574215482581,treatment,0
2011-07-01,32425.0,648.5,397.0,root_mortgage,10.386685009184644,treatment,0
2011-08-01,32128.0,642.56,429.0,root_mortgage,10.377483203051401,treatment,0
2011-09-01,32600.0,652.0,398.5,root_mortgage,10.392067567354799,treatment,0
2011-10-01,36790.0,735.8,406.5,root_mortgage,10.51298134809882,treatment,0
2011-11-01,30849.0,616.98,386.0,root_mortgage,10.3368596138973,treatment,0
2011-12-01,38007.0,760.14,487.0,root_mortgage,10.545525632270163,treatment,0
2012-01-01,30080.0,601.6,389.0,root_mortgage,10.311615778063777,treatment,0
2012-02-01,30343.0,606.86,416.0,root_mortgage,10.320321127381453,treatment,0
2012-03-01,37121.0,742.42,492.5,root_mortgage,10.521938126192444,treatment,0
2012-04-01,39611.0,792.22,466.5,root_mortgage,10.586862136447246,treatment,0
2012-05-01,33026.0,660.52,473.5,root_mortgage,10.405050409022934,treatment,0
2012-06-01,35250.0,705.0,418.0,root_mortgage,10.470220808240414,treatment,0
2012-07-01,36186.0,723.72,482.0,root_mortgage,10.496427582679042,treatment,0
2012-08-01,36606.0,732.12,484.5,root_mortgage,10.507967440379907,treatment,0
2012-09-01,33945.0,678.9,420.5,root_mortgage,10.432496846735747,treatment,0
2012-10-01,41628.0,832.56,543.0,root_mortgage,10.63652829675775,treatment,0
2012-11-01,34681.0,693.62,466.0,root_mortgage,10.453947265542192,treatment,0
2012-12-01,40813.0,816.26,562.0,root_mortgage,10.616755937092288,treatment,0
2013-01-01,34574.0,691.48,354.5,root_mortgage,10.450857233482733,treatment,0
2013-02-01,31649.0,632.98,374.0,root_mortgage,10.362461831496553,treatment,0
2013-03-01,41611.0,832.22,510.0,root_mortgage,10.636119834372657,treatment,0
2013-04-01,45965.0,919.3,575.0,root_mortgage,10.735635516297855,treatment,0
2013-05-01,37063.0,741.26,464.5,root_mortgage,10.520374446374209,treatment,0
2013-06-01,36707.0,734.14,434.0,root_mortgage,10.510722751549745,treatment,0
2013-07-01,41283.0,825.66,480.5,root_mortgage,10.628206071933391,treatment,0
2013-08-01,37895.0,757.9,469.0,root_mortgage,10.542574456246129,treatment,0
2013-09-01,35608.0,712.16,445.0,root_mortgage,10.48032561069569,treatment,0
2013-10-01,45297.0,905.94,514.0,root_mortgage,10.72099608411258,treatment,0
2013-11-01,36392.0,727.84,485.0,root_mortgage,10.50210424924984,treatment,0
2013-12-01,44280.0,885.6,630.5,root_mortgage,10.698288386822574,treatment,0
2014-01-01,48332.0,966.64,522.5,root_mortgage,10.785849146147198,treatment,0
2014-02-01,34346.0,686.92,519.0,root_mortgage,10.444240842543808,treatment,0
2014-03-01,40015.0,800.3,528.5,root_mortgage,10.597009662801147,treatment,0
2014-04-01,48598.0,971.96,647.5,root_mortgage,10.791337656778433,treatment,0
2014-05-01,35625.0,712.5,450.5,root_mortgage,10.480802917570951,treatment,0
2014-06-01,38258.0,765.16,483.5,root_mortgage,10.5521079677126,treatment,0
2014-07-01,39319.0,786.38,541.0,root_mortgage,10.579463141587746,treatment,0
2014-08-01,33003.0,660.06,419.5,root_mortgage,10.404353745407546,treatment,0
2014-09-01,36303.0,726.06,506.0,root_mortgage,10.499655661466162,treatment,0
2014-10-01,46341.0,926.82,612.5,root_mortgage,10.743782377382361,treatment,0
2014-11-01,36000.0,720.0,430.5,root_mortgage,10.491274217438248,treatment,0
2014-12-01,38121.0,762.42,505.0,root_mortgage,10.548520590372645,treatment,0
2015-01-01,37323.0,746.46,485.0,root_mortgage,10.527365037582602,treatment,0
2015-02-01,33727.0,674.54,510.5,root_mortgage,10.426053982505138,treatment,0
2015-03-01,45159.0,903.18,625.0,root_mortgage,10.717944874528614,treatment,0
2015-04-01,45438.0,908.76,595.5,root_mortgage,10.724104038341878,treatment,0
2015-05-01,33428.0,668.56,462.0,root_mortgage,10.417149151121327,treatment,0
2015-06-01,38542.0,770.84,447.5,root_mortgage,10.559503834757866,treatment,0
2015-07-01,41622.0,832.44,449.5,root_mortgage,10.636384152613356,treatment,0
2015-08-01,35361.0,707.22,388.5,root_mortgage,10.473364796894678,treatment,0
2015-09-01,34755.0,695.1,384.0,root_mortgage,10.456078725534587,treatment,0
2015-10-01,44581.0,891.62,531.0,root_mortgage,10.705063038271945,treatment,0
2015-11-01,33019.0,660.38,394.5,root_mortgage,10.404838432339576,treatment,0
2015-12-01,42386.0,847.72,543.5,root_mortgage,10.654573398016518,treatment,0
2016-01-01,40954.0,819.08,541.5,root_mortgage,10.620204764608506,treatment,0
2016-02-01,34873.0,697.46,453.5,root_mortgage,10.459468169808975,treatment,0
2016-03-01,44235.0,884.7,494.0,root_mortgage,10.697271609917486,treatment,0
2016-04-01,47669.0,953.38,533.0,root_mortgage,10.772036570424822,treatment,0
2016-05-01,44143.0,882.86,463.0,root_mortgage,10.695189643065287,treatment,0
2016-06-01,38541.0,770.82,497.0,root_mortgage,10.55947788869972,treatment,0
2016-07-01,39617.0,792.34,498.0,root_mortgage,10.58701359805202,treatment,0
2016-08-01,38933.0,778.66,413.5,root_mortgage,10.569597499027667,treatment,0
2016-09-01,37795.0,755.9,442.0,root_mortgage,10.539932097726277,treatment,0
2016-10-01,42475.0,849.5,503.0,root_mortgage,10.656670946540133,treatment,0
2016-11-01,37757.0,755.14,434.5,root_mortgage,10.538926167950644,treatment,0
2016-12-01,42761.0,855.22,482.5,root_mortgage,10.6633817512079,treatment,0
2017-01-01,38510.0,770.2,451.5,root_mortgage,10.558673226808954,treatment,0
2017-02-01,34422.0,688.44,381.5,root_mortgage,10.446451173829926,treatment,0
2017-03-01,40970.0,819.4,461.5,root_mortgage,10.620595370540917,treatment,0
2017-04-01,45763.0,915.26,561.0,root_mortgage,10.731231183345313,treatment,0
2017-05-01,35161.0,703.22,375.0,root_mortgage,10.467692792805359,treatment,0
2017-06-01,36622.0,732.44,414.0,root_mortgage,10.50840443170166,treatment,0
2017-07-01,36116.0,722.32,412.5,root_mortgage,10.49449125942737,treatment,0
2017-08-01,37704.0,754.08,389.0,root_mortgage,10.537521468603567,treatment,0
2017-09-01,37785.0,755.7,432.5,root_mortgage,10.53966747745482,treatment,0
2017-10-01,42580.0,851.6,507.0,root_mortgage,10.65913993844747,treatment,0
2017-11-01,34825.0,696.5,352.0,root_mortgage,10.458090798648007,treatment,0
2017-12-01,44764.0,895.28,427.0,root_mortgage,10.709159523937918,treatment,0
2018-01-01,33032.0,660.64,353.0,root_mortgage,10.405232067565926,treatment,0
2018-02-01,29790.0,595.8,354.5,root_mortgage,10.301928045707328,treatment,0
2018-03-01,38236.0,764.72,429.5,root_mortgage,10.551532759183653,treatment,0
2018-04-01,42438.0,848.76,514.5,root_mortgage,10.655799466264044,treatment,0
2018-05-01,34024.0,680.48,453.0,root_mortgage,10.43482143693347,treatment,0
2018-06-01,34168.0,683.36,464.0,root_mortgage,10.439044812521303,treatment,0
2018-07-01,35648.0,712.96,422.0,root_mortgage,10.481448323286957,treatment,0
2018-08-01,33990.0,679.8,380.5,root_mortgage,10.433821642690162,treatment,0
2018-09-01,28680.0,573.6,330.5,root_mortgage,10.263955294713556,treatment,0
2018-10-01,42683.0,853.66,526.5,root_mortgage,10.661555993479634,treatment,0
2018-11-01,34969.0,699.38,371.5,root_mortgage,10.462217233709174,treatment,0
2018-12-01,36669.0,733.38,408.0,root_mortgage,10.509686990445372,treatment,0
2019-01-01,30422.0,608.44,313.0,root_mortgage,10.322921309871688,treatment,0
2019-02-01,29777.0,595.54,381.0,root_mortgage,10.301491562412671,treatment,0
2019-03-01,33364.0,667.28,385.0,root_mortgage,10.415232753361503,treatment,0
2019-04-01,39271.0,785.42,468.5,root_mortgage,10.578241611979182,treatment,0
2019-05-01,31895.0,637.9,348.5,root_mortgage,10.370204536676056,treatment,0
2019-06-01,34236.0,684.72,411.0,root_mortgage,10.4410330010015,treatment,0
2019-07-01,34539.0,690.78,396.5,root_mortgage,10.449844399341774,treatment,0
2019-08-01,30566.0,611.32,385.5,root_mortgage,10.327643559087782,treatment,0
2019-09-01,29655.0,593.1,340.0,root_mortgage,10.297386024272827,treatment,0
2019-10-01,39516.0,790.32,419.5,root_mortgage,10.584460932164365,treatment,0
2019-11-01,31087.0,621.74,355.5,root_mortgage,10.344545004347415,treatment,0
2019-12-01,35957.0,719.14,427.0,root_mortgage,10.490079059076491,treatment,0
2020-01-01,33216.0,664.32,393.0,root_mortgage,10.41078696652556,treatment,0
2020-02-01,28746.0,574.92,350.5,root_mortgage,10.266253906111178,treatment,0
2020-03-01,36938.0,738.76,401.0,root_mortgage,10.516996110435857,treatment,0
2020-04-01,37571.0,751.42,500.0,root_mortgage,10.533987755195422,treatment,0
2020-05-01,26385.0,527.7,328.5,root_mortgage,10.180550945839768,treatment,0
2020-06-01,28855.0,577.1,316.0,root_mortgage,10.270038567145066,treatment,0
2020-07-01,28857.0,577.14,341.5,root_mortgage,10.270107876820726,treatment,0
2020-08-01,22407.0,448.14,273.5,root_mortgage,10.017128689025176,treatment,0
2020-09-01,23415.0,468.3,294.0,root_mortgage,10.061132121617643,treatment,0
2020-10-01,33001.0,660.02,343.5,root_mortgage,10.404293143019792,treatment,0
2020-11-01,25572.0,511.44,268.5,root_mortgage,10.149253281886617,treatment,0
2020-12-01,27285.0,545.7,324.0,root_mortgage,10.214092379620332,treatment,0
2021-01-01,26866.0,537.32,291.0,root_mortgage,10.198616825622958,treatment,0
2021-02-01,22096.0,441.92,240.0,root_mortgage,10.003151875649074,treatment,0
2021-03-01,31651.0,633.02,379.5,root_mortgage,10.362525022649812,treatment,0
2021-04-01,34026.0,680.52,388.0,root_mortgage,10.434880217242084,treatment,0
2021-05-01,23535.0,470.7,259.5,root_mortgage,10.066243953835242,treatment,0
2021-06-01,29927.0,598.54,302.0,root_mortgage,10.306516361943942,treatment,0
2021-07-01,29732.0,594.64,303.0,root_mortgage,10.299979185845183,treatment,0
2021-08-01,26538.0,530.76,291.5,root_mortgage,10.186332947096382,treatment,0
2021-09-01,27518.0,550.36,350.0,root_mortgage,10.222595614987762,treatment,0
2021-10-01,34526.0,690.52,359.0,root_mortgage,10.449467942376494,treatment,0
2021-11-01,27731.0,554.62,277.5,root_mortgage,10.230306199986291,treatment,0
2021-12-01,31309.0,626.18,337.0,root_mortgage,10.351660875132662,treatment,0
2022-01-01,29126.0,582.52,305.0,root_mortgage,10.279386525042526,treatment,0
2022-02-01,23085.0,461.7,264.5,root_mortgage,10.046938334941089,treatment,0
2022-03-01,32809.0,656.18,347.5,root_mortgage,10.398458146978019,treatment,0
2022-04-01,33750.0,675.0,362.5,root_mortgage,10.426735696300677,treatment,0
2022-05-01,25878.0,517.56,275.5,root_mortgage,10.161148465875899,treatment,0
2022-06-01,29145.0,582.9,329.5,root_mortgage,10.28003865047965,treatment,0
2022-07-01,29839.0,596.78,324.5,root_mortgage,10.303571541691813,treatment,0
2022-08-01,27253.0,545.06,308.5,root_mortgage,10.212918885774858,treatment,0
2022-09-01,27604.0,552.08,292.5,root_mortgage,10.225715968740493,treatment,0
2022-10-01,33389.0,667.78,345.0,root_mortgage,10.415981783402664,treatment,0
2022-11-01,27313.0,546.26,277.0,root_mortgage,10.215118058306537,treatment,0
2022-12-01,32330.0,646.6,353.5,root_mortgage,10.383750870719478,treatment,0
2023-01-01,30243.0,604.86,299.5,root_mortgage,10.317020031722052,treatment,0
2023-02-01,25800.0,516.0,275.0,root_mortgage,10.158129770909708,treatment,0
2023-03-01,31454.0,629.08,338.5,root_mortgage,10.35628144005067,treatment,0
2023-04-01,35429.0,708.58,398.5,root_mortgage,10.475285972792834,treatment,0
2023-05-01,28873.0,577.46,310.5,root_mortgage,10.270662181355965,treatment,0
2023-06-01,31910.0,638.2,308.5,root_mortgage,10.370674719272289,treatment,0
2023-07-01,28330.0,566.6,281.5,root_mortgage,10.251676592824563,treatment,0
2023-08-01,29098.0,581.96,313.0,root_mortgage,10.278424722275334,treatment,0
2023-09-01,28795.0,575.9,290.0,root_mortgage,10.267957039940773,treatment,0
2023-10-01,35063.0,701.26,374.5,root_mortgage,10.46490172241293,treatment,0
2023-11-01,30392.0,607.84,312.0,root_mortgage,10.321934694867462,treatment,0
2023-12-01,32454.0,649.08,341.5,root_mortgage,10.387578981099482,treatment,1
2024-01-01,28583.0,571.66,288.5,root_mortgage,10.260567414484496,treatment,1
2024-02-01,28542.0,570.84,302.5,root_mortgage,10.259131965660336,treatment,1
2024-03-01,28264.0,565.28,313.5,root_mortgage,10.24934418903898,treatment,1
2024-04-01,45081.0,901.62,382.0,root_mortgage,10.716216150693835,treatment,1
2024-05-01,32930.0,658.6,346.0,root_mortgage,10.40213937537041,treatment,1
2024-06-01,30239.0,604.78,296.0,root_mortgage,10.316887760963617,treatment,1
2024-07-01,33551.0,671.02,340.0,root_mortgage,10.420821948214945,treatment,1
2024-08-01,29618.0,592.36,292.0,root_mortgage,10.29613756359745,treatment,1
2024-09-01,27691.0,553.82,263.0,root_mortgage,10.22886272963353,treatment,1
2024-10-01,38196.0,763.92,323.0,root_mortgage,10.550486077070094,treatment,1
2024-11-01,29748.0,594.96,259.5,root_mortgage,10.30051718182319,treatment,1
2024-12-01,33486.0,669.72,355.5,root_mortgage,10.418882720016489,treatment,1
2025-01-01,32088.0,641.76,334.0,root_mortgage,10.376237407449889,treatment,1
2025-02-01,28337.0,566.74,287.0,root_mortgage,10.251923650196069,treatment,1
2025-03-01,32242.0,644.84,349.0,root_mortgage,10.381025229435943,treatment,1
2025-04-01,37749.0,754.98,393.0,root_mortgage,10.538714264260078,treatment,1
2025-05-01,26728.0,534.56,253.5,root_mortgage,10.193466984036592,treatment,1
2025-06-01,30827.0,616.54,300.0,root_mortgage,10.336146208328422,treatment,1
2025-07-01,32545.0,650.9,331.0,root_mortgage,10.390379026006487,treatment,1
2025-08-01,29072.0,581.44,273.5,root_mortgage,10.277530790635952,treatment,1
2025-09-01,27909.0,558.18,261.0,root_mortgage,10.23670449643667,treatment,1
2025-10-01,37737.0,754.74,345.0,root_mortgage,10.538396324506982,treatment,1
2025-11-01,27395.0,547.9,310.5,root_mortgage,10.218115793972515,treatment,1
2025-12-01,33177.0,663.54,326.0,root_mortgage,10.40961214374347,treatment,1
2007-01-01,182104.0,3642.08,2247.5,sale,12.112333231427225,control,0
2007-02-01,204945.0,4098.9,2764.0,sale,12.230496929440697,control,0
2007-03-01,316658.0,6333.16,4241.5,sale,12.66557760611304,control,0
2007-04-01,274783.0,5495.66,3285.0,sale,12.52373697424351,control,0
2007-05-01,239352.0,4787.04,2525.0,sale,12.385690550749814,control,0
2007-06-01,208581.0,4171.62,2648.5,sale,12.248082733987232,control,0
2007-07-01,219113.0,4382.26,2502.0,sale,12.297342857460995,control,0
2007-08-01,214176.0,4283.52,2211.0,sale,12.274553385900369,control,0
2007-09-01,171828.0,3436.56,2053.5,sale,12.054249255462006,control,0
2007-10-01,231505.0,4630.1,3166.5,sale,12.352356750547324,control,0
2007-11-01,205360.0,4107.2,2801.0,sale,12.232519815545022,control,0
2007-12-01,260436.0,5208.72,3210.0,sale,12.470112428608987,control,0
2008-01-01,163500.0,3270.0,2067.0,sale,12.004568269319446,control,0
2008-02-01,189465.0,3789.3,2541.0,sale,12.151959589876185,control,0
2008-03-01,270987.0,5419.74,3614.0,sale,12.509826128231513,control,0
2008-04-01,258688.0,5173.76,3015.0,sale,12.463377981323239,control,0
2008-05-01,184460.0,3689.2,2302.0,sale,12.12518791678971,control,0
2008-06-01,182513.0,3650.26,2379.0,sale,12.114576682344454,control,0
2008-07-01,207781.0,4155.62,2471.0,sale,12.244239919395692,control,0
2008-08-01,170240.0,3404.8,2139.5,sale,12.044964485135417,control,0
2008-09-01,176512.0,3530.24,2129.5,sale,12.081144141712919,control,0
2008-10-01,205067.0,4101.34,2612.0,sale,12.231092033991787,control,0
2008-11-01,162424.0,3248.48,2033.5,sale,11.997965479042078,control,0
2008-12-01,216020.0,4320.4,2952.0,sale,12.283126274972465,control,0
2009-01-01,160261.0,3205.22,2130.0,sale,11.98455901517282,control,0
2009-02-01,165069.0,3301.38,2325.0,sale,12.014118847287252,control,0
2009-03-01,233452.0,4669.04,2772.0,sale,12.360731767507385,control,0
2009-04-01,215026.0,4300.52,2499.0,sale,12.278514230030886,control,0
2009-05-01,155411.0,3108.22,1859.0,sale,11.953828499481324,control,0
2009-06-01,176905.0,3538.1,2375.0,sale,12.083368144304687,control,0
2009-07-01,208397.0,4167.94,2502.0,sale,12.247200193364261,control,0
2009-08-01,164345.0,3286.9,2083.5,sale,12.009723155751576,control,0
2009-09-01,156910.0,3138.2,1776.0,sale,11.963427671553115,control,0
2009-10-01,189408.0,3788.16,2434.5,sale,12.151658697490452,control,0
2009-11-01,165443.0,3308.86,2168.0,sale,12.016382003600075,control,0
2009-12-01,210976.0,4219.52,2591.5,sale,12.259499661913026,control,0
2010-01-01,154133.0,3082.66,2138.5,sale,11.945571145040098,control,0
2010-02-01,156997.0,3139.94,2101.5,sale,11.963981975867625,control,0
2010-03-01,244418.0,4888.36,3205.0,sale,12.406635153322068,control,0
2010-04-01,207417.0,4148.34,2394.5,sale,12.24248653863155,control,0
2010-05-01,157702.0,3154.04,1827.5,sale,11.96846245517889,control,0
2010-06-01,184674.0,3693.48,2146.5,sale,12.126347387464179,control,0
2010-07-01,177296.0,3545.92,2121.5,sale,12.085575931176107,control,0
2010-08-01,174085.0,3481.7,2099.0,sale,12.067298964663705,control,0
2010-09-01,167267.0,3345.34,2187.0,sale,12.02734661707019,control,0
2010-10-01,187244.0,3744.88,2326.5,sale,12.140167858142455,control,0
2010-11-01,177057.0,3541.14,2331.5,sale,12.084226993612486,control,0
2010-12-01,224801.0,4496.02,2803.0,sale,12.322970845390355,control,0
2011-01-01,157901.0,3158.02,2209.5,sale,11.969723533345908,control,0
2011-02-01,154690.0,3093.8,2145.0,sale,11.94917839323071,control,0
2011-03-01,256561.0,5131.22,2945.5,sale,12.45512173208317,control,0
2011-04-01,195609.0,3912.18,2126.0,sale,12.183873047794261,control,0
2011-05-01,157893.0,3157.86,1823.5,sale,11.969672867405443,control,0
2011-06-01,168757.0,3375.14,2135.0,sale,12.036215089355926,control,0
2011-07-01,165965.0,3319.3,2014.0,sale,12.019532201734597,control,0
2011-08-01,169135.0,3382.7,2157.5,sale,12.038452491589112,control,0
2011-09-01,159614.0,3192.28,1857.0,sale,11.980513679448979,control,0
2011-10-01,171413.0,3428.26,2139.5,sale,12.051831128243984,control,0
2011-11-01,178043.0,3560.86,2129.0,sale,12.089780373133863,control,0
2011-12-01,215267.0,4305.34,2651.0,sale,12.27963439710402,control,0
2012-01-01,159112.0,3182.24,2009.5,sale,11.977363635743082,control,0
2012-02-01,166776.0,3335.52,2174.0,sale,12.024406873662272,control,0
2012-03-01,234676.0,4693.52,2950.0,sale,12.365961118408428,control,0
2012-04-01,199030.0,3980.6,2263.0,sale,12.201210846113266,control,0
2012-05-01,181642.0,3632.84,2172.5,sale,12.109792995941843,control,0
2012-06-01,167566.0,3351.32,2169.5,sale,12.029132582488629,control,0
2012-07-01,186513.0,3730.26,2217.5,sale,12.136256220730553,control,0
2012-08-01,179648.0,3592.96,2228.5,sale,12.098754659721555,control,0
2012-09-01,163713.0,3274.26,1775.5,sale,12.00587017376753,control,0
2012-10-01,207383.0,4147.66,2459.5,sale,12.242322604204954,control,0
2012-11-01,191223.0,3824.46,2269.5,sale,12.161195565251859,control,0
2012-12-01,225149.0,4502.98,2742.0,sale,12.3245176842364,control,0
2013-01-01,167945.0,3358.9,1861.5,sale,12.031391823832172,control,0
2013-02-01,164951.0,3299.02,2289.5,sale,12.013403739081516,control,0
2013-03-01,231960.0,4639.2,2867.0,sale,12.354320221990378,control,0
2013-04-01,245551.0,4911.02,2517.5,sale,12.411259943949426,control,0
2013-05-01,212918.0,4258.36,2349.0,sale,12.268662394043254,control,0
2013-06-01,180796.0,3615.92,2257.5,sale,12.105124602801672,control,0
2013-07-01,222631.0,4452.62,2785.0,sale,12.313270971379826,control,0
2013-08-01,191537.0,3830.74,2386.5,sale,12.162836280428152,control,0
2013-09-01,184176.0,3683.52,2251.0,sale,12.123647101154843,control,0
2013-10-01,231195.0,4623.9,2811.0,sale,12.35101678924893,control,0
2013-11-01,212839.0,4256.78,2623.5,sale,12.268291290334298,control,0
2013-12-01,240980.0,4819.6,3277.0,sale,12.392469221477267,control,0
2014-01-01,194993.0,3899.86,2569.5,sale,12.180718939465658,control,0
2014-02-01,186336.0,3726.72,2342.0,sale,12.135306774636847,control,0
2014-03-01,254143.0,5082.86,3311.0,sale,12.445652379706047,control,0
2014-04-01,245638.0,4912.76,2548.0,sale,12.411614186413772,control,0
2014-05-01,194043.0,3880.86,2290.5,sale,12.175835062969384,control,0
2014-06-01,189496.0,3789.92,2201.5,sale,12.152123195102417,control,0
2014-07-01,207442.0,4148.84,2694.0,sale,12.242607061508144,control,0
2014-08-01,176302.0,3526.04,2274.0,sale,12.079953712621105,control,0
2014-09-01,181047.0,3620.94,2374.5,sale,12.106511945048219,control,0
2014-10-01,223346.0,4466.92,2791.5,sale,12.316477417508635,control,0
2014-11-01,182040.0,3640.8,2341.5,sale,12.111981722130578,control,0
2014-12-01,222099.0,4441.98,2935.0,sale,12.310878507396021,control,0
2015-01-01,193655.0,3873.1,2495.5,sale,12.173833504387524,control,0
2015-02-01,178848.0,3576.96,2386.0,sale,12.094291562069424,control,0
2015-03-01,263494.0,5269.88,3186.5,sale,12.481785876305823,control,0
2015-04-01,234301.0,4686.02,2385.5,sale,12.364361892519216,control,0
2015-05-01,196778.0,3935.56,1789.0,sale,12.18983146873359,control,0
2015-06-01,213257.0,4265.14,2499.5,sale,12.270253290137578,control,0
2015-07-01,215884.0,4317.68,2410.5,sale,12.282496505373226,control,0
2015-08-01,187353.0,3747.06,2096.5,sale,12.140749816903877,control,0
2015-09-01,190406.0,3808.12,2025.5,sale,12.156913913447932,control,0
2015-10-01,240660.0,4813.2,2721.5,sale,12.391140427992154,control,0
2015-11-01,189862.0,3797.24,2489.0,sale,12.154052771458048,control,0
2015-12-01,237437.0,4748.74,3056.5,sale,12.377657604110444,control,0
2016-01-01,183982.0,3679.64,2312.0,sale,12.122593205718882,control,0
2016-02-01,195102.0,3902.04,2490.5,sale,12.181277777711914,control,0
2016-03-01,256001.0,5120.02,3115.0,sale,12.45293662970407,control,0
2016-04-01,224781.0,4495.62,2431.0,sale,12.322881873856739,control,0
2016-05-01,201326.0,4026.52,2356.5,sale,12.212680763744418,control,0
2016-06-01,209624.0,4192.48,2396.5,sale,12.253070728690757,control,0
2016-07-01,197241.0,3944.82,2510.5,sale,12.192181610290735,control,0
2016-08-01,200366.0,4007.32,2270.5,sale,12.207900973120204,control,0
2016-09-01,192855.0,3857.1,2219.5,sale,12.169693890186458,control,0
2016-10-01,209466.0,4189.32,2570.5,sale,12.252316714004241,control,0
2016-11-01,206347.0,4126.94,2491.5,sale,12.237314496669423,control,0
2016-12-01,239445.0,4788.9,2959.5,sale,12.386079024366689,control,0
2017-01-01,183113.0,3662.26,2318.0,sale,12.117858727596111,control,0
2017-02-01,192828.0,3856.56,2361.5,sale,12.169553878829754,control,0
2017-03-01,265636.0,5312.72,2847.0,sale,12.489882229568082,control,0
2017-04-01,237586.0,4751.72,2627.0,sale,12.378284942175702,control,0
2017-05-01,209394.0,4187.88,2365.5,sale,12.25197292371293,control,0
2017-06-01,211613.0,4232.26,2600.0,sale,12.262514413752093,control,0
2017-07-01,210206.0,4204.12,2470.0,sale,12.255843281261185,control,0
2017-08-01,208545.0,4170.9,2552.0,sale,12.247910124271753,control,0
2017-09-01,198385.0,3967.7,2550.0,sale,12.19796486613601,control,0
2017-10-01,220989.0,4419.78,2490.0,sale,12.30586820550548,control,0
2017-11-01,212788.0,4255.76,2521.0,sale,12.268051643882151,control,0
2017-12-01,257858.0,5157.16,3213.5,sale,12.460164324788003,control,0
2018-01-01,179625.0,3592.5,2070.0,sale,12.098626623381326,control,0
2018-02-01,201310.0,4026.2,2188.5,sale,12.212601287492873,control,0
2018-03-01,254335.0,5086.7,2789.0,sale,12.446407574656961,control,0
2018-04-01,229011.0,4580.22,2613.5,sale,12.341525316317234,control,0
2018-05-01,225991.0,4519.82,2503.5,sale,12.328250454452617,control,0
2018-06-01,205654.0,4113.08,2638.5,sale,12.233950423992145,control,0
2018-07-01,218081.0,4361.62,2833.0,sale,12.292621832393067,control,0
2018-08-01,221068.0,4421.36,2704.0,sale,12.306225625480012,control,0
2018-09-01,178136.0,3562.72,1953.5,sale,12.090302582484293,control,0
2018-10-01,237637.0,4752.74,3073.0,sale,12.378499578252642,control,0
2018-11-01,212054.0,4241.08,2700.0,sale,12.264596238200419,control,0
2018-12-01,247260.0,4945.2,3462.5,sale,12.418195693560918,control,0
2019-01-01,190343.0,3806.86,2249.5,sale,12.156582986771435,control,0
2019-02-01,193923.0,3878.46,2202.5,sale,12.175216452040452,control,0
2019-03-01,239412.0,4788.24,2800.0,sale,12.385941196163062,control,0
2019-04-01,233170.0,4663.4,2665.0,sale,12.359523080243038,control,0
2019-05-01,218649.0,4372.98,2541.0,sale,12.295222983311286,control,0
2019-06-01,206207.0,4124.14,2389.0,sale,12.236635797612456,control,0
2019-07-01,232855.0,4657.1,2894.5,sale,12.3581712212313,control,0
2019-08-01,197456.0,3949.12,2449.5,sale,12.193271053692964,control,0
2019-09-01,195104.0,3902.08,2396.5,sale,12.181288028707543,control,0
2019-10-01,241062.0,4821.24,2717.0,sale,12.392809440797539,control,0
2019-11-01,203790.0,4075.8,2627.0,sale,12.224845330853457,control,0
2019-12-01,240113.0,4802.26,3242.0,sale,12.388864924850228,control,0
2020-01-01,189347.0,3786.94,2236.5,sale,12.151336589528695,control,0
2020-02-01,181481.0,3629.62,2569.5,sale,12.108906244011783,control,0
2020-03-01,252168.0,5043.36,3196.0,sale,12.437850811036721,control,0
2020-04-01,223148.0,4462.96,2863.0,sale,12.315590507436028,control,0
2020-05-01,183365.0,3667.3,2388.5,sale,12.119233980897633,control,0
2020-06-01,226055.0,4521.1,2575.5,sale,12.32853361147835,control,0
2020-07-01,210196.0,4203.92,2728.5,sale,12.255795707748206,control,0
2020-08-01,191528.0,3830.56,2384.5,sale,12.162789291013814,control,0
2020-09-01,196861.0,3937.22,2560.5,sale,12.19025317492241,control,0
2020-10-01,235759.0,4715.18,2723.0,sale,12.370565375800952,control,0
2020-11-01,204385.0,4087.7,2489.0,sale,12.227760749100247,control,0
2020-12-01,254868.0,5097.36,3287.5,sale,12.448501043056247,control,0
2021-01-01,192138.0,3842.76,2202.5,sale,12.16596914283284,control,0
2021-02-01,181721.0,3634.42,2222.5,sale,12.110227822829803,control,0
2021-03-01,277802.0,5556.04,3505.0,sale,12.53466390870051,control,0
2021-04-01,253244.0,5064.88,3010.0,sale,12.442108729826321,control,0
2021-05-01,210712.0,4214.24,2596.5,sale,12.258247551184283,control,0
2021-06-01,236007.0,4720.14,3023.5,sale,12.371616744584816,control,0
2021-07-01,226011.0,4520.22,2739.5,sale,12.328338949636324,control,0
2021-08-01,221654.0,4433.08,2754.5,sale,12.308872886480023,control,0
2021-09-01,207015.0,4140.3,2928.5,sale,12.24054653339025,control,0
2021-10-01,238594.0,4771.88,2998.0,sale,12.38251864164075,control,0
2021-11-01,221615.0,4432.3,2585.5,sale,12.30869692109512,control,0
2021-12-01,258370.0,5167.4,3265.0,sale,12.462147945079357,control,0
2022-01-01,203571.0,4071.42,2574.5,sale,12.2237701173642,control,0
2022-02-01,191163.0,3823.26,2360.0,sale,12.160881746228712,control,0
2022-03-01,264933.0,5298.66,3243.0,sale,12.48723224281274,control,0
2022-04-01,237090.0,4741.8,2865.0,sale,12.37619509486713,control,0
2022-05-01,213217.0,4264.34,2637.5,sale,12.27006570543081,control,0
2022-06-01,233681.0,4673.62,2799.5,sale,12.36171221640885,control,0
2022-07-01,217181.0,4343.62,2722.0,sale,12.28848638623584,control,0
2022-08-01,215561.0,4311.22,2694.5,sale,12.28099921111628,control,0
2022-09-01,207887.0,4157.74,2457.5,sale,12.244749941828488,control,0
2022-10-01,227331.0,4546.62,2816.0,sale,12.334162384175196,control,0
2022-11-01,221586.0,4431.72,2714.0,sale,12.308566054964215,control,0
2022-12-01,256259.0,5125.18,3529.0,sale,12.453943930769213,control,0
2023-01-01,198695.0,3973.9,2180.0,sale,12.19952626466014,control,0
2023-02-01,193780.0,3875.6,2318.5,sale,12.174478773938995,control,0
2023-03-01,254257.0,5085.14,3513.0,sale,12.446100845488544,control,0
2023-04-01,240495.0,4809.9,2807.5,sale,12.390454578291047,control,0
2023-05-01,220721.0,4414.42,2527.5,sale,12.304654739507944,control,0
2023-06-01,228243.0,4564.86,2766.0,sale,12.338166129859884,control,0
2023-07-01,216861.0,4337.22,2912.5,sale,12.287011874285485,control,0
2023-08-01,214615.0,4292.3,2724.5,sale,12.27660100421971,control,0
2023-09-01,202877.0,4057.54,2431.5,sale,12.220355163055423,control,0
2023-10-01,233607.0,4672.14,3043.0,sale,12.36139549524067,control,0
2023-11-01,228212.0,4564.24,2581.5,sale,12.338030300478904,control,0
2023-12-01,269778.0,5395.56,3685.5,sale,12.505354677548196,control,1
2024-01-01,202627.0,4052.54,2355.5,sale,12.219122129439604,control,1
2024-02-01,198484.0,3969.68,2617.5,sale,12.198463771326658,control,1
2024-03-01,225411.0,4508.22,2788.0,sale,12.325680681526576,control,1
2024-04-01,257617.0,5152.34,3002.5,sale,12.45922926482366,control,1
2024-05-01,245745.0,4914.9,3047.5,sale,12.412049691922473,control,1
2024-06-01,229170.0,4583.4,3057.5,sale,12.342219365203515,control,1
2024-07-01,250554.0,5011.08,3344.0,sale,12.431429745137704,control,1
2024-08-01,233986.0,4679.72,2843.0,sale,12.363016563490179,control,1
2024-09-01,199681.0,3993.62,2583.0,sale,12.20447637216348,control,1
2024-10-01,260677.0,5213.54,3141.0,sale,12.471037372017351,control,1
2024-11-01,229193.0,4583.86,2743.0,sale,12.342319722344119,control,1
2024-12-01,264750.0,5295.0,3555.5,sale,12.486541263463653,control,1
2025-01-01,217307.0,4346.14,2644.5,sale,12.28906637925536,control,1
2025-02-01,195258.0,3905.16,2327.0,sale,12.182077039973953,control,1
2025-03-01,239343.0,4786.86,3272.5,sale,12.385652948518743,control,1
2025-04-01,257990.0,5159.8,2790.0,sale,12.460676103462657,control,1
2025-05-01,225754.0,4515.08,2510.5,sale,12.32720118983765,control,1
2025-06-01,230403.0,4608.06,2819.0,sale,12.347585228552436,control,1
2025-07-01,245494.0,4909.88,2906.0,sale,12.411027785999519,control,1
2025-08-01,206177.0,4123.54,2471.5,sale,12.236490302151656,control,1
2025-09-01,211116.0,4222.32,2549.0,sale,12.260163024427046,control,1
2025-10-01,256498.0,5129.96,3092.0,sale,12.454876146291607,control,1
2025-11-01,209173.0,4183.46,2392.5,sale,12.250916939746032,control,1
2025-12-01,264219.0,5284.38,3476.5,sale,12.484533583700333,control,1
2007-01-01,254268.0,5085.36,4389.5,inheritance_combined,12.446144107865033,control,0
2007-02-01,290280.0,5805.6,5246.5,inheritance_combined,12.578601253392073,control,0
2007-03-01,301302.0,6026.04,5465.0,inheritance_combined,12.615868362998784,control,0
2007-04-01,228250.0,4565.0,3970.0,inheritance_combined,12.338196798457215,control,0
2007-05-01,263072.0,5261.44,4971.0,inheritance_combined,12.48018303795186,control,0
2007-06-01,255500.0,5110.0,4779.0,inheritance_combined,12.450977688625896,control,0
2007-07-01,250536.0,5010.72,4739.5,inheritance_combined,12.431357901756243,control,0
2007-08-01,263166.0,5263.32,4768.0,inheritance_combined,12.480540290757624,control,0
2007-09-01,229175.0,4583.5,4230.5,inheritance_combined,12.342241182829977,control,0
2007-10-01,297382.0,5947.64,5191.5,inheritance_combined,12.602772786630442,control,0
2007-11-01,309278.0,6185.56,5239.0,inheritance_combined,12.64199582778907,control,0
2007-12-01,321054.0,6421.08,5618.0,inheritance_combined,12.679364612263097,control,0
2008-01-01,261296.0,5225.92,4168.5,inheritance_combined,12.473409143316525,control,0
2008-02-01,290334.0,5806.68,5025.0,inheritance_combined,12.578787263375146,control,0
2008-03-01,290690.0,5813.8,5287.0,inheritance_combined,12.58001268623048,control,0
2008-04-01,241610.0,4832.2,4416.5,inheritance_combined,12.395080134914702,control,0
2008-05-01,251165.0,5023.3,4391.5,inheritance_combined,12.433865372658495,control,0
2008-06-01,255676.0,5113.52,4481.5,inheritance_combined,12.451666296881974,control,0
2008-07-01,267797.0,5355.94,4948.0,inheritance_combined,12.497984509786619,control,0
2008-08-01,241822.0,4836.44,4327.5,inheritance_combined,12.395957197308544,control,0
2008-09-01,254889.0,5097.78,4661.5,inheritance_combined,12.44858343525493,control,0
2008-10-01,306197.0,6123.94,5056.5,inheritance_combined,12.631983964639762,control,0
2008-11-01,250129.0,5002.58,4197.0,inheritance_combined,12.429732063762161,control,0
2008-12-01,320518.0,6410.36,5323.0,inheritance_combined,12.677693716012312,control,0
2009-01-01,273569.0,5471.38,4216.5,inheritance_combined,12.519309154217572,control,0
2009-02-01,274911.0,5498.22,4682.5,inheritance_combined,12.524202687903522,control,0
2009-03-01,305181.0,6103.62,5740.0,inheritance_combined,12.62866032219506,control,0
2009-04-01,244060.0,4881.2,4453.0,inheritance_combined,12.40516937568583,control,0
2009-05-01,230460.0,4609.2,4264.0,inheritance_combined,12.347832590568006,control,0
2009-06-01,270804.0,5416.08,4652.5,inheritance_combined,12.50915059095991,control,0
2009-07-01,266791.0,5335.82,4746.5,inheritance_combined,12.494220859321198,control,0
2009-08-01,247590.0,4951.8,4415.5,inheritance_combined,12.419529431254839,control,0
2009-09-01,245023.0,4900.46,4606.5,inheritance_combined,12.409107362671662,control,0
2009-10-01,275146.0,5502.92,4592.5,inheritance_combined,12.525057144857248,control,0
2009-11-01,252851.0,5057.02,4365.0,inheritance_combined,12.440555661414288,control,0
2009-12-01,298816.0,5976.32,5603.5,inheritance_combined,12.607583278330608,control,0
2010-01-01,243532.0,4870.64,4255.0,inheritance_combined,12.403003629708127,control,0
2010-02-01,268806.0,5376.12,4742.5,inheritance_combined,12.501745208810583,control,0
2010-03-01,319976.0,6399.52,5961.5,inheritance_combined,12.676001271963269,control,0
2010-04-01,245197.0,4903.94,4226.5,inheritance_combined,12.409817248059069,control,0
2010-05-01,249764.0,4995.28,4273.0,inheritance_combined,12.428271750995775,control,0
2010-06-01,296956.0,5939.12,5381.5,inheritance_combined,12.601339258661667,control,0
2010-07-01,271910.0,5438.2,5196.0,inheritance_combined,12.51322640817155,control,0
2010-08-01,295188.0,5903.76,5096.0,inheritance_combined,12.5953677204757,control,0
2010-09-01,269006.0,5380.12,4847.0,inheritance_combined,12.502488963167941,control,0
2010-10-01,280167.0,5603.34,4885.0,inheritance_combined,12.543141132929986,control,0
2010-11-01,302846.0,6056.92,5422.0,inheritance_combined,12.620979704463192,control,0
2010-12-01,324482.0,6489.64,5742.0,inheritance_combined,12.689985343633992,control,0
2011-01-01,274463.0,5489.26,4714.5,inheritance_combined,12.52257174031843,control,0
2011-02-01,295427.0,5908.54,5396.5,inheritance_combined,12.59617704639206,control,0
2011-03-01,364098.0,7281.96,6333.5,inheritance_combined,12.80517834115201,control,0
2011-04-01,257037.0,5140.74,4324.0,inheritance_combined,12.456975322386429,control,0
2011-05-01,269951.0,5399.02,4592.0,inheritance_combined,12.505995740029274,control,0
2011-06-01,307987.0,6159.74,5453.5,inheritance_combined,12.63781285327273,control,0
2011-07-01,262623.0,5252.46,4476.5,inheritance_combined,12.478474822697077,control,0
2011-08-01,301085.0,6021.7,5504.5,inheritance_combined,12.615147895892468,control,0
2011-09-01,275743.0,5514.86,4754.0,inheritance_combined,12.527224551480753,control,0
2011-10-01,297305.0,5946.1,5068.5,inheritance_combined,12.602513826873695,control,0
2011-11-01,329817.0,6596.34,5424.5,inheritance_combined,12.706293234170918,control,0
2011-12-01,345706.0,6914.12,6458.5,inheritance_combined,12.753343981848195,control,0
2012-01-01,307799.0,6155.98,4710.0,inheritance_combined,12.63720225151874,control,0
2012-02-01,325407.0,6508.14,5496.5,inheritance_combined,12.692831985520945,control,0
2012-03-01,328552.0,6571.04,5747.5,inheritance_combined,12.702450399661009,control,0
2012-04-01,255949.0,5118.98,4487.0,inheritance_combined,12.452733484865009,control,0
2012-05-01,299774.0,5995.48,5316.5,inheritance_combined,12.61078413640686,control,0
2012-06-01,289901.0,5798.02,4839.0,inheritance_combined,12.57729476436913,control,0
2012-07-01,281526.0,5630.52,4511.5,inheritance_combined,12.547980084641326,control,0
2012-08-01,296727.0,5934.54,4988.0,inheritance_combined,12.600567803149694,control,0
2012-09-01,263856.0,5277.12,4734.5,inheritance_combined,12.483158778768551,control,0
2012-10-01,315542.0,6310.84,5449.5,inheritance_combined,12.66204707413198,control,0
2012-11-01,322717.0,6454.34,5476.5,inheritance_combined,12.684531057160696,control,0
2012-12-01,318807.0,6376.14,5387.5,inheritance_combined,12.672341182997164,control,0
2013-01-01,279705.0,5594.1,5252.5,inheritance_combined,12.541490755326304,control,0
2013-02-01,301726.0,6034.52,5147.5,inheritance_combined,12.61727459975685,control,0
2013-03-01,334005.0,6680.1,5935.0,inheritance_combined,12.718911241906667,control,0
2013-04-01,291210.0,5824.2,5067.0,inheritance_combined,12.58179993537438,control,0
2013-05-01,319102.0,6382.04,5626.5,inheritance_combined,12.673266079874397,control,0
2013-06-01,286882.0,5737.64,5120.5,inheritance_combined,12.56682626037071,control,0
2013-07-01,307278.0,6145.56,5272.5,inheritance_combined,12.635508154276918,control,0
2013-08-01,304414.0,6088.28,5126.5,inheritance_combined,12.6261438960277,control,0
2013-09-01,285798.0,5715.96,4786.0,inheritance_combined,12.56304054655279,control,0
2013-10-01,340946.0,6818.92,6008.0,inheritance_combined,12.739479385954477,control,0
2013-11-01,325742.0,6514.84,5536.5,inheritance_combined,12.693860935974854,control,0
2013-12-01,339498.0,6789.96,6286.5,inheritance_combined,12.735223334947335,control,0
2014-01-01,308289.0,6165.78,5161.0,inheritance_combined,12.63879293370479,control,0
2014-02-01,314922.0,6298.44,5591.0,inheritance_combined,12.660080268097493,control,0
2014-03-01,363705.0,7274.1,6568.5,inheritance_combined,12.804098378474754,control,0
2014-04-01,301462.0,6029.24,5154.0,inheritance_combined,12.616399250721866,control,0
2014-05-01,309039.0,6180.78,5375.0,inheritance_combined,12.64122276150785,control,0
2014-06-01,302782.0,6055.64,5158.0,inheritance_combined,12.62076835360016,control,0
2014-07-01,316126.0,6322.52,5913.5,inheritance_combined,12.663896147272917,control,0
2014-08-01,290307.0,5806.14,4985.5,inheritance_combined,12.578694262708574,control,0
2014-09-01,310222.0,6204.44,5728.5,inheritance_combined,12.645043449195546,control,0
2014-10-01,362303.0,7246.06,6043.5,inheritance_combined,12.800236157279468,control,0
2014-11-01,320892.0,6417.84,5308.5,inheritance_combined,12.678859896902495,control,0
2014-12-01,386791.0,7735.82,6768.0,inheritance_combined,12.8656397744519,control,0
2015-01-01,324655.0,6493.1,5541.0,inheritance_combined,12.690518359019329,control,0
2015-02-01,323024.0,6460.48,5775.0,inheritance_combined,12.685481902850006,control,0
2015-03-01,373292.0,7465.84,6554.5,inheritance_combined,12.830116234188175,control,0
2015-04-01,276168.0,5523.36,4959.0,inheritance_combined,12.528764655171404,control,0
2015-05-01,267812.0,5356.24,4710.0,inheritance_combined,12.498040520794664,control,0
2015-06-01,309010.0,6180.2,5493.0,inheritance_combined,12.641128917815776,control,0
2015-07-01,301864.0,6037.28,5652.0,inheritance_combined,12.617731863801666,control,0
2015-08-01,280329.0,5606.58,4922.5,inheritance_combined,12.543719192379156,control,0
2015-09-01,270429.0,5408.58,4969.5,inheritance_combined,12.507764865920945,control,0
2015-10-01,326883.0,6537.66,5531.5,inheritance_combined,12.697357587689217,control,0
2015-11-01,307115.0,6142.3,5739.5,inheritance_combined,12.634977549260832,control,0
2015-12-01,348539.0,6970.78,6346.5,inheritance_combined,12.761505411099368,control,0
2016-01-01,298085.0,5961.7,5529.5,inheritance_combined,12.60513395971513,control,0
2016-02-01,321293.0,6425.86,5872.0,inheritance_combined,12.680108758374246,control,0
2016-03-01,371402.0,7428.04,6744.0,inheritance_combined,12.825040312915862,control,0
2016-04-01,258366.0,5167.32,4401.0,inheritance_combined,12.462132463285947,control,0
2016-05-01,281005.0,5620.1,4681.5,inheritance_combined,12.546127741751885,control,0
2016-06-01,313451.0,6269.02,5164.0,inheritance_combined,12.655398326998508,control,0
2016-07-01,282471.0,5649.42,4965.5,inheritance_combined,12.551331169432004,control,0
2016-08-01,303719.0,6074.38,5082.5,inheritance_combined,12.623858210815493,control,0
2016-09-01,294924.0,5898.48,5100.0,inheritance_combined,12.594472975011746,control,0
2016-10-01,309579.0,6191.58,5425.0,inheritance_combined,12.642968588939823,control,0
2016-11-01,321404.0,6428.08,5932.5,inheritance_combined,12.68045417775882,control,0
2016-12-01,336264.0,6725.28,6193.0,inheritance_combined,12.725651844719177,control,0
2017-01-01,293855.0,5877.1,5311.5,inheritance_combined,12.590841727380125,control,0
2017-02-01,318369.0,6367.38,5854.5,inheritance_combined,12.670966366403352,control,0
2017-03-01,369793.0,7395.86,6781.0,inheritance_combined,12.820698668605111,control,0
2017-04-01,270371.0,5407.42,4874.5,inheritance_combined,12.507550368878702,control,0
2017-05-01,298168.0,5963.36,5117.0,inheritance_combined,12.605412365024742,control,0
2017-06-01,325736.0,6514.72,5605.5,inheritance_combined,12.693842516319853,control,0
2017-07-01,286454.0,5729.08,5171.0,inheritance_combined,12.565333243781819,control,0
2017-08-01,315726.0,6314.52,5656.5,inheritance_combined,12.662630027822681,control,0
2017-09-01,309025.0,6180.5,5454.0,inheritance_combined,12.641177458756024,control,0
2017-10-01,332725.0,6654.5,5558.0,inheritance_combined,12.715071601954756,control,0
2017-11-01,324493.0,6489.86,5682.0,inheritance_combined,12.69001924324492,control,0
2017-12-01,360945.0,7218.9,5886.0,inheritance_combined,12.796480871137245,control,0
2018-01-01,297119.0,5942.38,5247.0,inheritance_combined,12.601888010937358,control,0
2018-02-01,296439.0,5928.78,5212.0,inheritance_combined,12.599596742695686,control,0
2018-03-01,361052.0,7221.04,6844.5,inheritance_combined,12.796777271262961,control,0
2018-04-01,269901.0,5398.02,4756.0,inheritance_combined,12.505810504075185,control,0
2018-05-01,324721.0,6494.42,5646.5,inheritance_combined,12.690721631084287,control,0
2018-06-01,319505.0,6390.1,5579.5,inheritance_combined,12.674528202129544,control,0
2018-07-01,310564.0,6211.28,5435.0,inheritance_combined,12.646145278278675,control,0
2018-08-01,331187.0,6623.74,5687.0,inheritance_combined,12.710438449515163,control,0
2018-09-01,273936.0,5478.72,5130.5,inheritance_combined,12.520649781444599,control,0
2018-10-01,369795.0,7395.9,6755.5,inheritance_combined,12.820704077021688,control,0
2018-11-01,372459.0,7449.18,6734.5,inheritance_combined,12.827882243629828,control,0
2018-12-01,401328.0,8026.56,7508.5,inheritance_combined,12.902534327057948,control,0
2019-01-01,367594.0,7351.88,6630.0,inheritance_combined,12.814734347241235,control,0
2019-02-01,379794.0,7595.88,6840.5,inheritance_combined,12.847384279447226,control,0
2019-03-01,419204.0,8384.08,7688.0,inheritance_combined,12.946112953928179,control,0
2019-04-01,315822.0,6316.44,5700.5,inheritance_combined,12.662934042721753,control,0
2019-05-01,331673.0,6633.46,6375.5,inheritance_combined,12.711904822767691,control,0
2019-06-01,362319.0,7246.38,7091.0,inheritance_combined,12.800280318235119,control,0
2019-07-01,386162.0,7723.24,7296.0,inheritance_combined,12.864012249521293,control,0
2019-08-01,351443.0,7028.86,6582.5,inheritance_combined,12.76980281492099,control,0
2019-09-01,349747.0,6994.94,6902.0,inheritance_combined,12.764965314935543,control,0
2019-10-01,399026.0,7980.52,7412.0,inheritance_combined,12.89678185665626,control,0
2019-11-01,391784.0,7835.68,7359.5,inheritance_combined,12.8784659464969,control,0
2019-12-01,406945.0,8138.9,7570.5,inheritance_combined,12.916433320158022,control,0
2020-01-01,351961.0,7039.22,6340.5,inheritance_combined,12.771275652987418,control,0
2020-02-01,364630.0,7292.6,6405.0,inheritance_combined,12.80663841979455,control,0
2020-03-01,445212.0,8904.24,8564.0,inheritance_combined,13.006305852198167,control,0
2020-04-01,297003.0,5940.06,5379.5,inheritance_combined,12.601497518743923,control,0
2020-05-01,287041.0,5740.82,5271.0,inheritance_combined,12.567380341681506,control,0
2020-06-01,380269.0,7605.38,7136.0,inheritance_combined,12.848634176000115,control,0
2020-07-01,363049.0,7260.98,6916.5,inheritance_combined,12.802293090363062,control,0
2020-08-01,352326.0,7046.52,6683.5,inheritance_combined,12.772312162344196,control,0
2020-09-01,354470.0,7089.4,6702.5,inheritance_combined,12.778378995139185,control,0
2020-10-01,415908.0,8318.16,7726.0,inheritance_combined,12.93821936093913,control,0
2020-11-01,375597.0,7511.94,6918.0,inheritance_combined,12.8362720390639,control,0
2020-12-01,422608.0,8452.16,7956.0,inheritance_combined,12.954200314415582,control,0
2021-01-01,340310.0,6806.2,6264.0,inheritance_combined,12.737612245893269,control,0
2021-02-01,334418.0,6688.36,6677.0,inheritance_combined,12.720146986495218,control,0
2021-03-01,492633.0,9852.66,9264.5,inheritance_combined,13.107519753898558,control,0
2021-04-01,325377.0,6507.54,6203.0,inheritance_combined,12.692739789031721,control,0
2021-05-01,329653.0,6593.06,6162.5,inheritance_combined,12.705795865061237,control,0
2021-06-01,408016.0,8160.32,7816.0,inheritance_combined,12.919061668303659,control,0
2021-07-01,357378.0,7147.56,6967.0,inheritance_combined,12.786549324132926,control,0
2021-08-01,373885.0,7477.7,6813.0,inheritance_combined,12.831703542481947,control,0
2021-09-01,378178.0,7563.56,6868.0,inheritance_combined,12.843120263234264,control,0
2021-10-01,427781.0,8555.62,7717.0,inheritance_combined,12.96636666136691,control,0
2021-11-01,421591.0,8431.82,8059.0,inheritance_combined,12.951790928732857,control,0
2021-12-01,453453.0,9069.06,8649.5,inheritance_combined,13.024646904798255,control,0
2022-01-01,388575.0,7771.5,7486.0,inheritance_combined,12.8702414803511,control,0
2022-02-01,365477.0,7309.54,7069.0,inheritance_combined,12.808958628695372,control,0
2022-03-01,470347.0,9406.94,9113.5,inheritance_combined,13.061225999150778,control,0
2022-04-01,346882.0,6937.64,6528.5,inheritance_combined,12.756739943459399,control,0
2022-05-01,383912.0,7678.24,7215.5,inheritance_combined,12.858168638640505,control,0
2022-06-01,450618.0,9012.36,8559.5,inheritance_combined,13.018375252920114,control,0
2022-07-01,391773.0,7835.46,7700.0,inheritance_combined,12.87843786940742,control,0
2022-08-01,425835.0,8516.7,8139.5,inheritance_combined,12.961807226278552,control,0
2022-09-01,405753.0,8115.06,7763.0,inheritance_combined,12.913499879064846,control,0
2022-10-01,444655.0,8893.1,8068.0,inheritance_combined,13.005053979563844,control,0
2022-11-01,457262.0,9145.24,8423.5,inheritance_combined,13.033011809757847,control,0
2022-12-01,482663.0,9653.26,9212.0,inheritance_combined,13.087073966545752,control,0
2023-01-01,403467.0,8069.34,7381.0,inheritance_combined,12.907849978960998,control,0
2023-02-01,434063.0,8681.26,8193.0,inheritance_combined,12.980944963837985,control,0
2023-03-01,552039.0,11040.78,10499.5,inheritance_combined,13.221373974937398,control,0
2023-04-01,379065.0,7581.3,7381.0,inheritance_combined,12.845462973317225,control,0
2023-05-01,439020.0,8780.4,8661.5,inheritance_combined,12.992300249106131,control,0
2023-06-01,489509.0,9790.18,9620.0,inheritance_combined,13.101158126891953,control,0
2023-07-01,443288.0,8865.76,8709.5,inheritance_combined,13.001974950662264,control,0
2023-08-01,459599.0,9191.98,8958.0,inheritance_combined,13.038109649149323,control,0
2023-09-01,455807.0,9116.14,8888.0,inheritance_combined,13.029824753288782,control,0
2023-10-01,501512.0,10030.24,9485.5,inheritance_combined,13.125382814313205,control,0
2023-11-01,516597.0,10331.94,10102.0,inheritance_combined,13.155018352426087,control,0
2023-12-01,571944.0,11438.88,11425.0,inheritance_combined,13.25679636347131,control,1
2024-01-01,491523.0,9830.46,8953.0,inheritance_combined,13.105264012998388,control,1
2024-02-01,517936.0,10358.72,9757.0,inheritance_combined,13.157606961484875,control,1
2024-03-01,614306.0,12286.12,11831.5,inheritance_combined,13.328248454319036,control,1
2024-04-01,555918.0,11118.36,10775.5,inheritance_combined,13.22837608034179,control,1
2024-05-01,552179.0,11043.58,11336.5,inheritance_combined,13.22162754805566,control,1
2024-06-01,515564.0,10311.28,10316.5,inheritance_combined,13.153016726042424,control,1
2024-07-01,535875.0,10717.5,10352.0,inheritance_combined,13.191656203900278,control,1
2024-08-01,461702.0,9234.04,9115.0,inheritance_combined,13.042674940302895,control,1
2024-09-01,427577.0,8551.54,8201.0,inheritance_combined,12.965889668098905,control,1
2024-10-01,531029.0,10620.58,10071.0,inheritance_combined,13.18257191266876,control,1
2024-11-01,496138.0,9922.76,9583.5,inheritance_combined,13.114609392815893,control,1
2024-12-01,526417.0,10528.34,10373.5,inheritance_combined,13.173848953304605,control,1
2025-01-01,442738.0,8854.76,8488.5,inheritance_combined,13.000733451946326,control,1
2025-02-01,426444.0,8528.88,8265.5,inheritance_combined,12.963236336003536,control,1
2025-03-01,535145.0,10702.9,10663.0,inheritance_combined,13.190293017194064,control,1
2025-04-01,431088.0,8621.76,8221.5,inheritance_combined,12.97406752457884,control,1
2025-05-01,414307.0,8286.14,8146.0,inheritance_combined,12.934362523891862,control,1
2025-06-01,477719.0,9554.38,9167.5,inheritance_combined,13.076777972503777,control,1
2025-07-01,472517.0,9450.34,8998.5,inheritance_combined,13.06582900410469,control,1
2025-08-01,405119.0,8102.38,7929.0,inheritance_combined,12.911936130090425,control,1
2025-09-01,429081.0,8581.62,8432.0,inheritance_combined,12.969400991276377,control,1
2025-10-01,504193.0,10083.86,9597.5,inheritance_combined,13.130714410259971,control,1
2025-11-01,414692.0,8293.84,7682.0,inheritance_combined,12.935291354994623,control,1
2025-12-01,490890.0,9817.8,10080.0,inheritance_combined,13.103975349091051,control,1
2007-01-01,0.0,,,leasehold,,treatment,0
2007-02-01,0.0,,,leasehold,,treatment,0
2007-03-01,0.0,,,leasehold,,treatment,0
2007-04-01,0.0,,,leasehold,,treatment,0
2007-05-01,0.0,,,leasehold,,treatment,0
2007-06-01,0.0,,,leasehold,,treatment,0
2007-07-01,0.0,,,leasehold,,treatment,0
2007-08-01,0.0,,,leasehold,,treatment,0
2007-09-01,0.0,,,leasehold,,treatment,0
2007-10-01,0.0,,,leasehold,,treatment,0
2007-11-01,0.0,,,leasehold,,treatment,0
2007-12-01,0.0,,,leasehold,,treatment,0
2008-01-01,0.0,,,leasehold,,treatment,0
2008-02-01,0.0,,,leasehold,,treatment,0
2008-03-01,0.0,,,leasehold,,treatment,0
2008-04-01,0.0,,,leasehold,,treatment,0
2008-05-01,0.0,,,leasehold,,treatment,0
2008-06-01,0.0,,,leasehold,,treatment,0
2008-07-01,0.0,,,leasehold,,treatment,0
2008-08-01,0.0,,,leasehold,,treatment,0
2008-09-01,0.0,,,leasehold,,treatment,0
2008-10-01,0.0,,,leasehold,,treatment,0
2008-11-01,0.0,,,leasehold,,treatment,0
2008-12-01,0.0,,,leasehold,,treatment,0
2009-01-01,588.0,11.76,6.5,leasehold,6.376726947898627,treatment,0
2009-02-01,658.0,13.16,3.0,leasehold,6.489204931325317,treatment,0
2009-03-01,436.0,8.72,4.5,leasehold,6.077642243349034,treatment,0
2009-04-01,926.0,18.52,4.0,leasehold,6.8308742346461795,treatment,0
2009-05-01,290.0,5.8,3.5,leasehold,5.66988092298052,treatment,0
2009-06-01,657.0,13.14,4.0,leasehold,6.48768401848461,treatment,0
2009-07-01,531.0,10.62,3.0,leasehold,6.274762021241939,treatment,0
2009-08-01,437.0,8.74,3.0,leasehold,6.07993319509559,treatment,0
2009-09-01,577.0,11.54,3.0,leasehold,6.3578422665081,treatment,0
2009-10-01,956.0,19.12,5.0,leasehold,6.862757913051401,treatment,0
2009-11-01,492.0,9.84,3.0,leasehold,6.198478716492308,treatment,0
2009-12-01,460.0,9.2,3.0,leasehold,6.131226489483141,treatment,0
2010-01-01,467.0,9.34,3.0,leasehold,6.1463292576688975,treatment,0
2010-02-01,356.0,7.12,3.0,leasehold,5.87493073085203,treatment,0
2010-03-01,474.0,9.48,7.0,leasehold,6.161207321695077,treatment,0
2010-04-01,595.0,11.9,5.0,leasehold,6.38856140554563,treatment,0
2010-05-01,457.0,9.14,2.0,leasehold,6.124683390894205,treatment,0
2010-06-01,406.0,8.12,5.0,leasehold,6.0063531596017325,treatment,0
2010-07-01,379.0,7.58,4.5,leasehold,5.937536205082426,treatment,0
2010-08-01,1155.0,23.1,5.0,leasehold,7.051855622955894,treatment,0
2010-09-01,323.0,6.46,3.0,leasehold,5.777652323222656,treatment,0
2010-10-01,346.0,6.92,3.5,leasehold,5.846438775057725,treatment,0
2010-11-01,483.0,9.66,4.0,leasehold,6.180016653652572,treatment,0
2010-12-01,370.0,7.4,5.0,leasehold,5.91350300563827,treatment,0
2011-01-01,368.0,7.36,4.0,leasehold,5.908082938168931,treatment,0
2011-02-01,329.0,6.58,2.0,leasehold,5.796057750765372,treatment,0
2011-03-01,555.0,11.1,6.0,leasehold,6.318968113746434,treatment,0
2011-04-01,569.0,11.38,6.5,leasehold,6.343880434126331,treatment,0
2011-05-01,437.0,8.74,3.5,leasehold,6.07993319509559,treatment,0
2011-06-01,375.0,7.5,4.0,leasehold,5.926926025970411,treatment,0
2011-07-01,290.0,5.8,4.0,leasehold,5.66988092298052,treatment,0
2011-08-01,636.0,12.72,3.5,leasehold,6.455198563340122,treatment,0
2011-09-01,485.0,9.7,5.0,leasehold,6.184148890937483,treatment,0
2011-10-01,430.0,8.6,3.5,leasehold,6.063785208687608,treatment,0
2011-11-01,285.0,5.7,4.0,leasehold,5.652489180268651,treatment,0
2011-12-01,390.0,7.8,4.5,leasehold,5.966146739123692,treatment,0
2012-01-01,308.0,6.16,2.5,leasehold,5.730099782973574,treatment,0
2012-02-01,446.0,8.92,7.0,leasehold,6.100318952020064,treatment,0
2012-03-01,448.0,8.96,4.0,leasehold,6.104793232414985,treatment,0
2012-04-01,530.0,10.6,5.0,leasehold,6.272877006546167,treatment,0
2012-05-01,485.0,9.7,5.5,leasehold,6.184148890937483,treatment,0
2012-06-01,374.0,7.48,3.0,leasehold,5.924255797414532,treatment,0
2012-07-01,426.0,8.52,4.0,leasehold,6.054439346269371,treatment,0
2012-08-01,471.0,9.42,5.0,leasehold,6.154858094016418,treatment,0
2012-09-01,360.0,7.2,3.0,leasehold,5.886104031450156,treatment,0
2012-10-01,677.0,13.54,9.5,leasehold,6.517671272912275,treatment,0
2012-11-01,738.0,14.76,10.0,leasehold,6.6039438246004725,treatment,0
2012-12-01,759.0,15.18,10.0,leasehold,6.63200177739563,treatment,0
2013-01-01,669.0,13.38,9.0,leasehold,6.505784060128229,treatment,0
2013-02-01,649.0,12.98,7.5,leasehold,6.47543271670409,treatment,0
2013-03-01,1019.0,20.38,10.5,leasehold,6.926577033222725,treatment,0
2013-04-01,1542.0,30.84,9.0,leasehold,7.340835554123275,treatment,0
2013-05-01,1203.0,24.06,11.0,leasehold,7.0925737159746784,treatment,0
2013-06-01,640.0,12.8,9.0,leasehold,6.461468176353717,treatment,0
2013-07-01,760.0,15.2,8.0,leasehold,6.633318433280377,treatment,0
2013-08-01,836.0,16.72,14.5,leasehold,6.728628613084702,treatment,0
2013-09-01,915.0,18.3,9.5,leasehold,6.818924065275521,treatment,0
2013-10-01,942.0,18.84,13.5,leasehold,6.848005274576363,treatment,0
2013-11-01,942.0,18.84,13.5,leasehold,6.848005274576363,treatment,0
2013-12-01,1445.0,28.9,12.0,leasehold,7.275864600546533,treatment,0
2014-01-01,1020.0,20.4,11.5,leasehold,6.927557906278317,treatment,0
2014-02-01,964.0,19.28,11.0,leasehold,6.871091294610546,treatment,0
2014-03-01,859.0,17.18,14.5,leasehold,6.755768921984255,treatment,0
2014-04-01,1655.0,33.1,20.0,leasehold,7.411556287811163,treatment,0
2014-05-01,1011.0,20.22,14.0,leasehold,6.918695219020472,treatment,0
2014-06-01,1362.0,27.24,14.0,leasehold,7.216709486709457,treatment,0
2014-07-01,860.0,17.2,12.0,leasehold,6.756932389247553,treatment,0
2014-08-01,1280.0,25.6,11.0,leasehold,7.154615356913663,treatment,0
2014-09-01,1001.0,20.02,14.0,leasehold,6.90875477931522,treatment,0
2014-10-01,1748.0,34.96,16.5,leasehold,7.466227556215481,treatment,0
2014-11-01,1044.0,20.88,13.5,leasehold,6.950814768442584,treatment,0
2014-12-01,1466.0,29.32,14.5,leasehold,7.290292882446597,treatment,0
2015-01-01,1458.0,29.16,17.0,leasehold,7.284820912568604,treatment,0
2015-02-01,1218.0,24.36,12.5,leasehold,7.1049654482698426,treatment,0
2015-03-01,2132.0,42.64,25.0,leasehold,7.664815785285735,treatment,0
2015-04-01,1778.0,35.56,19.0,leasehold,7.48324441607385,treatment,0
2015-05-01,1220.0,24.4,14.5,leasehold,7.106606137727303,treatment,0
2015-06-01,1262.0,25.24,14.5,leasehold,7.140453043101158,treatment,0
2015-07-01,1487.0,29.74,20.0,leasehold,7.304515946460155,treatment,0
2015-08-01,1145.0,22.9,11.0,leasehold,7.0431599159883405,treatment,0
2015-09-01,1245.0,24.9,15.5,leasehold,7.126890808898808,treatment,0
2015-10-01,1205.0,24.1,15.0,leasehold,7.094234845924755,treatment,0
2015-11-01,1373.0,27.46,14.5,leasehold,7.224753405767971,treatment,0
2015-12-01,1918.0,38.36,22.5,leasehold,7.559038255443384,treatment,0
2016-01-01,1491.0,29.82,14.5,leasehold,7.307202314764738,treatment,0
2016-02-01,1012.0,20.24,10.5,leasehold,6.919683849847411,treatment,0
2016-03-01,1242.0,24.84,20.5,leasehold,7.124478262493424,treatment,0
2016-04-01,1729.0,34.58,20.0,leasehold,7.455298485683291,treatment,0
2016-05-01,911.0,18.22,10.5,leasehold,6.814542897259958,treatment,0
2016-06-01,1337.0,26.74,14.5,leasehold,7.198183577101943,treatment,0
2016-07-01,887.0,17.74,13.0,leasehold,6.787844982309579,treatment,0
2016-08-01,1125.0,22.5,8.0,leasehold,7.025538314638521,treatment,0
2016-09-01,1295.0,25.9,13.5,leasehold,7.166265974133638,treatment,0
2016-10-01,2086.0,41.72,10.0,leasehold,7.643003635560718,treatment,0
2016-11-01,1185.0,23.7,10.0,leasehold,7.077498053569231,treatment,0
2016-12-01,959.0,19.18,12.0,leasehold,6.8658910748834385,treatment,0
2017-01-01,1258.0,25.16,12.5,leasehold,7.1372784372603855,treatment,0
2017-02-01,1156.0,23.12,14.0,leasehold,7.052721049232323,treatment,0
2017-03-01,2057.0,41.14,14.0,leasehold,7.6290038896529575,treatment,0
2017-04-01,1370.0,27.4,16.0,leasehold,7.222566018822171,treatment,0
2017-05-01,902.0,18.04,8.5,leasehold,6.804614520062624,treatment,0
2017-06-01,972.0,19.44,13.0,leasehold,6.879355804460439,treatment,0
2017-07-01,953.0,19.06,9.5,leasehold,6.859614903654202,treatment,0
2017-08-01,833.0,16.66,9.0,leasehold,6.725033642166843,treatment,0
2017-09-01,715.0,14.3,8.0,leasehold,6.5722825426940075,treatment,0
2017-10-01,1090.0,21.8,10.5,leasehold,6.993932975223189,treatment,0
2017-11-01,1236.0,24.72,10.0,leasehold,7.119635638017636,treatment,0
2017-12-01,948.0,18.96,10.0,leasehold,6.854354502255021,treatment,0
2018-01-01,878.0,17.56,9.0,leasehold,6.777646593635117,treatment,0
2018-02-01,862.0,17.24,8.0,leasehold,6.759255270663693,treatment,0
2018-03-01,1160.0,23.2,12.5,leasehold,7.05617528410041,treatment,0
2018-04-01,1106.0,22.12,10.5,leasehold,7.00850518208228,treatment,0
2018-05-01,1085.0,21.7,9.0,leasehold,6.98933526597456,treatment,0
2018-06-01,792.0,15.84,10.0,leasehold,6.674561391814426,treatment,0
2018-07-01,1254.0,25.08,9.5,leasehold,7.134093721192866,treatment,0
2018-08-01,1296.0,25.92,8.0,leasehold,7.16703787691222,treatment,0
2018-09-01,894.0,17.88,11.5,leasehold,6.795705775173514,treatment,0
2018-10-01,1074.0,21.48,11.5,leasehold,6.97914527506881,treatment,0
2018-11-01,2019.0,40.38,13.0,leasehold,7.610357618312838,treatment,0
2018-12-01,828.0,16.56,10.5,leasehold,6.71901315438526,treatment,0
2019-01-01,711.0,14.22,9.0,leasehold,6.566672429803241,treatment,0
2019-02-01,747.0,14.94,8.0,leasehold,6.616065185132817,treatment,0
2019-03-01,1002.0,20.04,11.5,leasehold,6.90975328164481,treatment,0
2019-04-01,1525.0,30.5,10.0,leasehold,7.329749689041512,treatment,0
2019-05-01,745.0,14.9,8.5,leasehold,6.61338421837956,treatment,0
2019-06-01,1194.0,23.88,13.5,leasehold,7.085064293952548,treatment,0
2019-07-01,1525.0,30.5,14.0,leasehold,7.329749689041512,treatment,0
2019-08-01,704.0,14.08,7.5,leasehold,6.556778356158042,treatment,0
2019-09-01,830.0,16.6,8.0,leasehold,6.721425700790643,treatment,0
2019-10-01,1039.0,20.78,13.5,leasehold,6.946013991099227,treatment,0
2019-11-01,971.0,19.42,12.0,leasehold,6.878326468291325,treatment,0
2019-12-01,896.0,17.92,15.0,leasehold,6.79794041297493,treatment,0
2020-01-01,1080.0,21.6,12.0,leasehold,6.984716320118266,treatment,0
2020-02-01,744.0,14.88,8.5,leasehold,6.612041034833092,treatment,0
2020-03-01,972.0,19.44,14.0,leasehold,6.879355804460439,treatment,0
2020-04-01,982.0,19.64,11.0,leasehold,6.889591308354466,treatment,0
2020-05-01,676.0,13.52,6.0,leasehold,6.516193076042964,treatment,0
2020-06-01,1098.0,21.96,10.0,leasehold,7.001245622069476,treatment,0
2020-07-01,954.0,19.08,12.5,leasehold,6.860663671448287,treatment,0
2020-08-01,751.0,15.02,8.0,leasehold,6.621405651764134,treatment,0
2020-09-01,1113.0,22.26,10.0,leasehold,7.014814351275545,treatment,0
2020-10-01,1037.0,20.74,10.5,leasehold,6.9440872082295275,treatment,0
2020-11-01,779.0,15.58,9.5,leasehold,6.658011045870748,treatment,0
2020-12-01,975.0,19.5,13.5,leasehold,6.882437470997847,treatment,0
2021-01-01,697.0,13.94,8.0,leasehold,6.546785410760524,treatment,0
2021-02-01,660.0,13.2,8.5,leasehold,6.492239835020471,treatment,0
2021-03-01,1059.0,21.18,12.0,leasehold,6.9650803456014065,treatment,0
2021-04-01,1070.0,21.4,12.0,leasehold,6.975413927455952,treatment,0
2021-05-01,698.0,13.96,7.5,leasehold,6.548219102762372,treatment,0
2021-06-01,939.0,18.78,9.0,leasehold,6.844815479208263,treatment,0
2021-07-01,735.0,14.7,7.0,leasehold,6.5998704992128365,treatment,0
2021-08-01,681.0,13.62,6.5,leasehold,6.523562306149512,treatment,0
2021-09-01,826.0,16.52,8.0,leasehold,6.716594773520978,treatment,0
2021-10-01,952.0,19.04,10.0,leasehold,6.858565034791365,treatment,0
2021-11-01,850.0,17.0,7.0,leasehold,6.745236349484363,treatment,0
2021-12-01,883.0,17.66,10.5,leasehold,6.78332520060396,treatment,0
2022-01-01,657.0,13.14,8.0,leasehold,6.48768401848461,treatment,0
2022-02-01,747.0,14.94,9.0,leasehold,6.616065185132817,treatment,0
2022-03-01,916.0,18.32,12.0,leasehold,6.82001636467413,treatment,0
2022-04-01,685.0,13.7,9.5,leasehold,6.529418838262226,treatment,0
2022-05-01,629.0,12.58,5.0,leasehold,6.444131256700441,treatment,0
2022-06-01,593.0,11.86,7.5,leasehold,6.385194398997726,treatment,0
2022-07-01,769.0,15.38,7.0,leasehold,6.645090969505644,treatment,0
2022-08-01,715.0,14.3,6.0,leasehold,6.5722825426940075,treatment,0
2022-09-01,607.0,12.14,8.0,leasehold,6.408528791059498,treatment,0
2022-10-01,842.0,16.84,7.0,leasehold,6.7357800142423265,treatment,0
2022-11-01,570.0,11.4,7.0,leasehold,6.345636360828596,treatment,0
2022-12-01,614.0,12.28,8.0,leasehold,6.419994928147142,treatment,0
2023-01-01,479.0,9.58,4.0,leasehold,6.171700597410915,treatment,0
2023-02-01,533.0,10.66,8.0,leasehold,6.278521424165844,treatment,0
2023-03-01,1132.0,22.64,12.0,leasehold,7.0317412587631285,treatment,0
2023-04-01,1145.0,22.9,7.0,leasehold,7.0431599159883405,treatment,0
2023-05-01,951.0,19.02,9.0,leasehold,6.85751406254539,treatment,0
2023-06-01,902.0,18.04,10.5,leasehold,6.804614520062624,treatment,0
2023-07-01,447.0,8.94,4.0,leasehold,6.102558594613569,treatment,0
2023-08-01,568.0,11.36,6.5,leasehold,6.342121418721152,treatment,0
2023-09-01,572.0,11.44,8.0,leasehold,6.349138991379798,treatment,0
2023-10-01,810.0,16.2,7.5,leasehold,6.697034247666484,treatment,0
2023-11-01,1061.0,21.22,11.0,leasehold,6.966967138613983,treatment,0
2023-12-01,1541.0,30.82,8.5,leasehold,7.340186835320115,treatment,1
2024-01-01,1247.0,24.94,12.5,leasehold,7.1284959456800365,treatment,1
2024-02-01,2008.0,40.16,9.5,leasehold,7.60489448081162,treatment,1
2024-03-01,1562.0,31.24,10.5,leasehold,7.3537223303996315,treatment,1
2024-04-01,1194.0,23.88,8.5,leasehold,7.085064293952548,treatment,1
2024-05-01,1372.0,27.44,11.0,leasehold,7.22402480828583,treatment,1
2024-06-01,519.0,10.38,5.5,leasehold,6.251903883165888,treatment,1
2024-07-01,1020.0,20.4,7.0,leasehold,6.927557906278317,treatment,1
2024-08-01,791.0,15.82,5.0,leasehold,6.673297967767654,treatment,1
2024-09-01,1247.0,24.94,6.0,leasehold,7.1284959456800365,treatment,1
2024-10-01,997.0,19.94,8.5,leasehold,6.904750769961838,treatment,1
2024-11-01,586.0,11.72,6.5,leasehold,6.373319789577012,treatment,1
2024-12-01,987.0,19.74,9.5,leasehold,6.894670039433482,treatment,1
2025-01-01,679.0,13.58,6.0,leasehold,6.520621127558696,treatment,1
2025-02-01,434.0,8.68,5.0,leasehold,6.073044534100405,treatment,1
2025-03-01,659.0,13.18,6.0,leasehold,6.490723534502507,treatment,1
2025-04-01,723.0,14.46,5.5,leasehold,6.583409222158765,treatment,1
2025-05-01,538.0,10.76,5.0,leasehold,6.2878585601617845,treatment,1
2025-06-01,518.0,10.36,6.5,leasehold,6.249975242259483,treatment,1
2025-07-01,1144.0,22.88,6.5,leasehold,7.042286171939743,treatment,1
2025-08-01,541.0,10.82,5.0,leasehold,6.293419278846481,treatment,1
2025-09-01,459.0,9.18,6.0,leasehold,6.129050210060545,treatment,1
2025-10-01,751.0,15.02,5.5,leasehold,6.621405651764134,treatment,1
2025-11-01,601.0,12.02,5.0,leasehold,6.398594934535208,treatment,1
2025-12-01,579.0,11.58,6.0,leasehold,6.361302477572996,treatment,1
2007-01-01,0.0,,,surface_right,,control,0
2007-02-01,0.0,,,surface_right,,control,0
2007-03-01,0.0,,,surface_right,,control,0
2007-04-01,0.0,,,surface_right,,control,0
2007-05-01,0.0,,,surface_right,,control,0
2007-06-01,0.0,,,surface_right,,control,0
2007-07-01,0.0,,,surface_right,,control,0
2007-08-01,0.0,,,surface_right,,control,0
2007-09-01,0.0,,,surface_right,,control,0
2007-10-01,0.0,,,surface_right,,control,0
2007-11-01,0.0,,,surface_right,,control,0
2007-12-01,0.0,,,surface_right,,control,0
2008-01-01,0.0,,,surface_right,,control,0
2008-02-01,0.0,,,surface_right,,control,0
2008-03-01,0.0,,,surface_right,,control,0
2008-04-01,0.0,,,surface_right,,control,0
2008-05-01,0.0,,,surface_right,,control,0
2008-06-01,0.0,,,surface_right,,control,0
2008-07-01,0.0,,,surface_right,,control,0
2008-08-01,0.0,,,surface_right,,control,0
2008-09-01,0.0,,,surface_right,,control,0
2008-10-01,0.0,,,surface_right,,control,0
2008-11-01,0.0,,,surface_right,,control,0
2008-12-01,0.0,,,surface_right,,control,0
2009-01-01,870.0,17.4,6.0,surface_right,6.76849321164863,control,0
2009-02-01,694.0,13.88,7.0,surface_right,6.542471960506805,control,0
2009-03-01,1285.0,25.7,12.0,surface_right,7.158513997329321,control,0
2009-04-01,662.0,13.24,7.0,surface_right,6.495265555937008,control,0
2009-05-01,436.0,8.72,3.0,surface_right,6.077642243349034,control,0
2009-06-01,471.0,9.42,4.5,surface_right,6.154858094016418,control,0
2009-07-01,986.0,19.72,5.0,surface_right,6.893656354602635,control,0
2009-08-01,508.0,10.16,3.5,surface_right,6.230481447578482,control,0
2009-09-01,555.0,11.1,3.0,surface_right,6.318968113746434,control,0
2009-10-01,719.0,14.38,6.0,surface_right,6.577861357721047,control,0
2009-11-01,717.0,14.34,7.0,surface_right,6.57507584059962,control,0
2009-12-01,599.0,11.98,8.5,surface_right,6.395261598115449,control,0
2010-01-01,763.0,15.26,6.0,surface_right,6.637258031284457,control,0
2010-02-01,597.0,11.94,5.5,surface_right,6.391917113392602,control,0
2010-03-01,1022.0,20.44,20.0,surface_right,6.92951677076365,control,0
2010-04-01,734.0,14.68,9.0,surface_right,6.598509028614515,control,0
2010-05-01,436.0,8.72,4.0,surface_right,6.077642243349034,control,0
2010-06-01,395.0,7.9,5.0,surface_right,5.978885764901122,control,0
2010-07-01,329.0,6.58,3.0,surface_right,5.796057750765372,control,0
2010-08-01,262.0,5.24,3.5,surface_right,5.568344503761097,control,0
2010-09-01,355.0,7.1,3.0,surface_right,5.872117789475416,control,0
2010-10-01,367.0,7.34,4.0,surface_right,5.905361848054571,control,0
2010-11-01,386.0,7.72,4.0,surface_right,5.955837369464831,control,0
2010-12-01,283.0,5.66,3.0,surface_right,5.645446897643238,control,0
2011-01-01,446.0,8.92,2.5,surface_right,6.100318952020064,control,0
2011-02-01,1130.0,22.6,3.5,surface_right,7.029972911706386,control,0
2011-03-01,933.0,18.66,9.0,surface_right,6.838405200847344,control,0
2011-04-01,524.0,10.48,4.0,surface_right,6.261491684321042,control,0
2011-05-01,340.0,6.8,3.0,surface_right,5.8289456176102075,control,0
2011-06-01,473.0,9.46,6.5,surface_right,6.159095388491933,control,0
2011-07-01,327.0,6.54,3.5,surface_right,5.7899601708972535,control,0
2011-08-01,330.0,6.6,4.0,surface_right,5.799092654460526,control,0
2011-09-01,374.0,7.48,3.0,surface_right,5.924255797414532,control,0
2011-10-01,348.0,6.96,4.0,surface_right,5.8522024797744745,control,0
2011-11-01,386.0,7.72,5.5,surface_right,5.955837369464831,control,0
2011-12-01,469.0,9.38,4.0,surface_right,6.150602768446279,control,0
2012-01-01,452.0,9.04,4.0,surface_right,6.113682179832232,control,0
2012-02-01,599.0,11.98,7.5,surface_right,6.395261598115449,control,0
2012-03-01,752.0,15.04,8.5,surface_right,6.62273632394984,control,0
2012-04-01,443.0,8.86,4.0,surface_right,6.093569770045136,control,0
2012-05-01,310.0,6.2,4.0,surface_right,5.736572297479192,control,0
2012-06-01,384.0,7.68,5.0,surface_right,5.950642552587727,control,0
2012-07-01,288.0,5.76,4.0,surface_right,5.662960480135946,control,0
2012-08-01,313.0,6.26,3.5,surface_right,5.746203190540153,control,0
2012-09-01,202.0,4.04,2.0,surface_right,5.308267697401205,control,0
2012-10-01,353.0,7.06,4.0,surface_right,5.8664680569332965,control,0
2012-11-01,460.0,9.2,6.0,surface_right,6.131226489483141,control,0
2012-12-01,425.0,8.5,5.5,surface_right,6.052089168924417,control,0
2013-01-01,294.0,5.88,3.0,surface_right,5.683579767338681,control,0
2013-02-01,625.0,12.5,5.0,surface_right,6.437751649736401,control,0
2013-03-01,949.0,18.98,7.0,surface_right,6.855408798609928,control,0
2013-04-01,479.0,9.58,3.5,surface_right,6.171700597410915,control,0
2013-05-01,417.0,8.34,5.5,surface_right,6.0330862217988015,control,0
2013-06-01,466.0,9.32,4.0,surface_right,6.144185634125646,control,0
2013-07-01,1089.0,21.78,6.0,surface_right,6.9930151229329605,control,0
2013-08-01,643.0,12.86,6.5,surface_right,6.466144724237619,control,0
2013-09-01,1015.0,20.3,8.0,surface_right,6.922643891475888,control,0
2013-10-01,864.0,17.28,11.0,surface_right,6.761572768804055,control,0
2013-11-01,731.0,14.62,9.5,surface_right,6.594413459749778,control,0
2013-12-01,843.0,16.86,13.5,surface_right,6.736966958001855,control,0
2014-01-01,1077.0,21.54,10.5,surface_right,6.981934677156389,control,0
2014-02-01,836.0,16.72,10.0,surface_right,6.728628613084702,control,0
2014-03-01,1123.0,22.46,17.0,surface_right,7.023758954738443,control,0
2014-04-01,1781.0,35.62,11.5,surface_right,7.484930283289661,control,0
2014-05-01,1257.0,25.14,10.0,surface_right,7.136483208590247,control,0
2014-06-01,1096.0,21.92,13.0,surface_right,6.999422467507961,control,0
2014-07-01,1783.0,35.66,14.5,surface_right,7.48605261786314,control,0
2014-08-01,1012.0,20.24,10.5,surface_right,6.919683849847411,control,0
2014-09-01,1685.0,33.7,15.0,surface_right,7.429520842786462,control,0
2014-10-01,2510.0,50.2,13.0,surface_right,7.828038032125829,control,0
2014-11-01,1104.0,22.08,19.0,surface_right,7.00669522683704,control,0
2014-12-01,1482.0,29.64,14.5,surface_right,7.301147805856032,control,0
2015-01-01,1802.0,36.04,20.5,surface_right,7.496652438168283,control,0
2015-02-01,3015.0,60.3,22.0,surface_right,8.011355109161286,control,0
2015-03-01,2050.0,41.0,23.0,surface_right,7.6255950721324535,control,0
2015-04-01,1444.0,28.88,13.0,surface_right,7.275172319452771,control,0
2015-05-01,1412.0,28.24,11.5,surface_right,7.252762418053187,control,0
2015-06-01,1042.0,20.84,12.0,surface_right,6.948897222313312,control,0
2015-07-01,1493.0,29.86,16.5,surface_right,7.30854279753919,control,0
2015-08-01,1329.0,26.58,14.0,surface_right,7.192182058713246,control,0
2015-09-01,1264.0,25.28,13.5,surface_right,7.142036574706803,control,0
2015-10-01,1426.0,28.52,17.5,surface_right,7.262628600974241,control,0
2015-11-01,1841.0,36.82,22.5,surface_right,7.518064181233078,control,0
2015-12-01,2598.0,51.96,22.5,surface_right,7.862497197230545,control,0
2016-01-01,1828.0,36.56,14.5,surface_right,7.510977752014095,control,0
2016-02-01,1642.0,32.84,17.0,surface_right,7.403670290012373,control,0
2016-03-01,2212.0,44.24,28.0,surface_right,7.701652362642226,control,0
2016-04-01,2737.0,54.74,20.0,surface_right,7.914617709040679,control,0
2016-05-01,1601.0,32.02,15.0,surface_right,7.3783837129967145,control,0
2016-06-01,1279.0,25.58,13.0,surface_right,7.153833801578843,control,0
2016-07-01,1575.0,31.5,13.5,surface_right,7.362010551259734,control,0
2016-08-01,1829.0,36.58,22.0,surface_right,7.511524648390866,control,0
2016-09-01,1695.0,33.9,20.0,surface_right,7.43543801981455,control,0
2016-10-01,1813.0,36.26,17.5,surface_right,7.502738210754851,control,0
2016-11-01,2961.0,59.22,17.5,surface_right,7.993282328101591,control,0
2016-12-01,3089.0,61.78,27.5,surface_right,8.035602692918582,control,0
2017-01-01,1860.0,37.2,20.5,surface_right,7.528331766707247,control,0
2017-02-01,1899.0,37.98,23.5,surface_right,7.549082710812286,control,0
2017-03-01,3710.0,74.2,34.5,surface_right,8.21878715560148,control,0
2017-04-01,2943.0,58.86,25.5,surface_right,7.987184748233473,control,0
2017-05-01,1676.0,33.52,13.0,surface_right,7.424165281042028,control,0
2017-06-01,2751.0,55.02,21.5,surface_right,7.919719760924575,control,0
2017-07-01,3554.0,71.08,19.5,surface_right,8.175829008714597,control,0
2017-08-01,2123.0,42.46,17.0,surface_right,7.660585461703256,control,0
2017-09-01,2078.0,41.56,21.5,surface_right,7.639161171659173,control,0
2017-10-01,2039.0,40.78,26.0,surface_right,7.620214770574455,control,0
2017-11-01,1935.0,38.7,16.0,surface_right,7.5678626054638825,control,0
2017-12-01,3169.0,63.38,23.5,surface_right,8.06117135969092,control,0
2018-01-01,1629.0,32.58,15.0,surface_right,7.395721608602045,control,0
2018-02-01,1865.0,37.3,14.5,surface_right,7.5310163320779155,control,0
2018-03-01,3059.0,61.18,32.0,surface_right,8.025843344150903,control,0
2018-04-01,2272.0,45.44,18.5,surface_right,7.7284157798410416,control,0
2018-05-01,1561.0,31.22,18.0,surface_right,7.353081920515432,control,0
2018-06-01,2923.0,58.46,16.5,surface_right,7.980365765111246,control,0
2018-07-01,2009.0,40.18,22.0,surface_right,7.605392364814935,control,0
2018-08-01,1198.0,23.96,19.5,surface_right,7.088408778675395,control,0
2018-09-01,1084.0,21.68,16.5,surface_right,6.988413181999592,control,0
2018-10-01,1713.0,34.26,22.5,surface_right,7.44600149832412,control,0
2018-11-01,2306.0,46.12,22.5,surface_right,7.743269700829004,control,0
2018-12-01,1760.0,35.2,15.0,surface_right,7.473069088032197,control,0
2019-01-01,2860.0,57.2,17.0,surface_right,7.958576903813898,control,0
2019-02-01,2964.0,59.28,17.5,surface_right,7.994294986415977,control,0
2019-03-01,2655.0,53.1,35.0,surface_right,7.884199933676039,control,0
2019-04-01,1888.0,37.76,19.0,surface_right,7.543273346705446,control,0
2019-05-01,1659.0,33.18,17.0,surface_right,7.413970290190444,control,0
2019-06-01,1373.0,27.46,17.0,surface_right,7.224753405767971,control,0
2019-07-01,2139.0,42.78,24.0,surface_right,7.668093709082406,control,0
2019-08-01,2146.0,42.92,17.0,surface_right,7.671360923190644,control,0
2019-09-01,1620.0,32.4,15.0,surface_right,7.3901814282264295,control,0
2019-10-01,1978.0,39.56,26.0,surface_right,7.589841512182657,control,0
2019-11-01,2255.0,45.1,35.0,surface_right,7.720905251936779,control,0
2019-12-01,2334.0,46.68,22.0,surface_right,7.755338812846501,control,0
2020-01-01,1455.0,29.1,17.0,surface_right,7.282761179605593,control,0
2020-02-01,2606.0,52.12,20.5,surface_right,7.8655717576847906,control,0
2020-03-01,2734.0,54.68,32.0,surface_right,7.913521017283895,control,0
2020-04-01,2446.0,48.92,21.0,surface_right,7.802209316247118,control,0
2020-05-01,2118.0,42.36,17.0,surface_right,7.658227526161352,control,0
2020-06-01,3745.0,74.9,28.5,surface_right,8.22817689595132,control,0
2020-07-01,2847.0,56.94,23.5,surface_right,7.954021087278037,control,0
2020-08-01,2672.0,53.44,19.0,surface_right,7.890582534656536,control,0
2020-09-01,2235.0,44.7,17.5,surface_right,7.711996507047669,control,0
2020-10-01,2624.0,52.48,19.5,surface_right,7.8724551500639794,control,0
2020-11-01,1694.0,33.88,18.0,surface_right,7.434847875211999,control,0
2020-12-01,2026.0,40.52,21.5,surface_right,7.613818684808629,control,0
2021-01-01,2506.0,50.12,23.5,surface_right,7.826443135456014,control,0
2021-02-01,1659.0,33.18,17.0,surface_right,7.413970290190444,control,0
2021-03-01,1937.0,38.74,27.0,surface_right,7.5688956634069955,control,0
2021-04-01,2346.0,46.92,18.5,surface_right,7.76046702921342,control,0
2021-05-01,1120.0,22.4,12.5,surface_right,7.02108396428914,control,0
2021-06-01,1398.0,27.96,16.0,surface_right,7.242797922793756,control,0
2021-07-01,1790.0,35.8,16.0,surface_right,7.489970898834801,control,0
2021-08-01,1891.0,37.82,17.5,surface_right,7.544861068658458,control,0
2021-09-01,1696.0,33.92,13.5,surface_right,7.4360278163518485,control,0
2021-10-01,1654.0,33.08,20.0,surface_right,7.4109518755836366,control,0
2021-11-01,1491.0,29.82,19.0,surface_right,7.307202314764738,control,0
2021-12-01,1593.0,31.86,21.5,surface_right,7.373374309910049,control,0
2022-01-01,1082.0,21.64,10.0,surface_right,6.9865664594064265,control,0
2022-02-01,866.0,17.32,12.5,surface_right,6.763884908562435,control,0
2022-03-01,1472.0,29.44,23.5,surface_right,7.294377299288821,control,0
2022-04-01,1508.0,30.16,15.0,surface_right,7.318539548567902,control,0
2022-05-01,843.0,16.86,9.0,surface_right,6.736966958001855,control,0
2022-06-01,1268.0,25.36,14.5,surface_right,7.145196134997171,control,0
2022-07-01,1445.0,28.9,15.0,surface_right,7.275864600546533,control,0
2022-08-01,980.0,19.6,13.0,surface_right,6.887552571664617,control,0
2022-09-01,1351.0,27.02,14.5,surface_right,7.208600337960199,control,0
2022-10-01,1868.0,37.36,24.5,surface_right,7.532623618788788,control,0
2022-11-01,1735.0,34.7,19.5,surface_right,7.45876269238096,control,0
2022-12-01,1346.0,26.92,18.0,surface_right,7.204892510204673,control,0
2023-01-01,2150.0,43.0,23.0,surface_right,7.673223121121708,control,0
2023-02-01,1437.0,28.74,17.5,surface_right,7.270312886079025,control,0
2023-03-01,1910.0,38.2,27.5,surface_right,7.554858521040676,control,0
2023-04-01,1370.0,27.4,22.5,surface_right,7.222566018822171,control,0
2023-05-01,1378.0,27.56,15.5,surface_right,7.228388451573604,control,0
2023-06-01,2417.0,48.34,17.5,surface_right,7.790282380703483,control,0
2023-07-01,1067.0,21.34,12.0,surface_right,6.9726062513017535,control,0
2023-08-01,1341.0,26.82,15.0,surface_right,7.201170883281678,control,0
2023-09-01,1280.0,25.6,15.0,surface_right,7.154615356913663,control,0
2023-10-01,1710.0,34.2,20.5,surface_right,7.444248649496705,control,0
2023-11-01,1296.0,25.92,16.5,surface_right,7.16703787691222,control,0
2023-12-01,1996.0,39.92,18.0,surface_right,7.59890045687141,control,1
2024-01-01,1593.0,31.86,19.0,surface_right,7.373374309910049,control,1
2024-02-01,1268.0,25.36,13.0,surface_right,7.145196134997171,control,1
2024-03-01,1523.0,30.46,17.0,surface_right,7.328437352895162,control,1
2024-04-01,1175.0,23.5,13.5,surface_right,7.069023426578259,control,1
2024-05-01,1159.0,23.18,12.0,surface_right,7.055312843339752,control,1
2024-06-01,991.0,19.82,14.5,surface_right,6.898714534329988,control,1
2024-07-01,1331.0,26.62,16.5,surface_right,7.193685818395112,control,1
2024-08-01,1290.0,25.8,12.0,surface_right,7.162397497355718,control,1
2024-09-01,1593.0,31.86,12.5,surface_right,7.373374309910049,control,1
2024-10-01,1928.0,38.56,14.0,surface_right,7.564238475170491,control,1
2024-11-01,1723.0,34.46,11.5,surface_right,7.45182223652793,control,1
2024-12-01,1526.0,30.52,15.0,surface_right,7.330405211844402,control,1
2025-01-01,1098.0,21.96,14.5,surface_right,7.001245622069476,control,1
2025-02-01,2239.0,44.78,18.0,surface_right,7.713784616598755,control,1
2025-03-01,1294.0,25.88,16.5,surface_right,7.165493475060845,control,1
2025-04-01,1514.0,30.28,13.5,surface_right,7.322510433997394,control,1
2025-05-01,1330.0,26.6,9.5,surface_right,7.1929342212158,control,1
2025-06-01,1605.0,32.1,17.5,surface_right,7.380879035564116,control,1
2025-07-01,1248.0,24.96,13.0,surface_right,7.129297548929373,control,1
2025-08-01,1342.0,26.84,11.0,surface_right,7.201916317531627,control,1
2025-09-01,1705.0,34.1,16.0,surface_right,7.4413203897176174,control,1
2025-10-01,1252.0,25.04,11.5,surface_right,7.132497551660044,control,1
2025-11-01,1056.0,21.12,10.5,surface_right,6.962243464266207,control,1
2025-12-01,1266.0,25.32,18.5,surface_right,7.143617602704121,control,1
