quarter,syn_deals_total,syn_deals_term,syn_deals_commit,syn_amount_total,syn_amount_term,syn_amount_commit,syn_outstanding_total,syn_outstanding_term,syn_outstanding_commit,perf_n_total,perf_n_sale,perf_n_trust,perf_n_participation,perf_amt_total,perf_amt_sale,perf_amt_trust,perf_amt_participation,nperf_n_total,nperf_n_sale,nperf_n_trust,nperf_n_participation,nperf_amt_total,nperf_amt_sale,nperf_amt_trust,nperf_amt_participation,syn_deals_term_listed,syn_deals_term_private,syn_deals_commit_listed,syn_deals_commit_private,syn_amt_term_listed,syn_amt_term_private,syn_amt_commit_listed,syn_amt_commit_private,syn_out_term_listed,syn_out_term_private,syn_out_commit_listed,syn_out_commit_private,perf_n_to_fi,perf_n_to_spc,perf_amt_to_fi,perf_amt_to_spc,date,year,qnum,t,share_term,share_commit,share_private,share_listed,trans_n_total,trans_amt_total,perf_spc_share,syn_avg_size,perf_avg_size,ln_syn_deals_total,ln_syn_deals_term,ln_syn_deals_commit,ln_syn_amount_total,ln_syn_amount_term,ln_syn_amount_commit,ln_syn_outstanding_total,ln_perf_n_total,ln_perf_amt_total,ln_nperf_n_total,ln_nperf_amt_total,ln_trans_n_total,ln_trans_amt_total,ln_syn_deals_term_listed,ln_syn_deals_term_private,ln_syn_amt_term_listed,ln_syn_amt_term_private,ln_syn_avg_size,ln_perf_avg_size,post,transition,post_incl_trans,Q1,Q2,Q3,Q4,t_post
2003.Ⅱ,170.0,81.0,89.0,32538.0,7521.0,25017.0,,,,786.0,65.0,147.0,574.0,14731.0,965.0,4991.0,8775.0,156.0,155.0,0.0,1.0,3336.0,3259.0,0.0,77.0,39.0,42.0,73.0,16.0,5437.0,2084.0,23441.0,1576.0,,,,,65.0,0.0,965.0,0.0,2003-04-01,2003,2,0,0.23114512262585285,0.7688548773741471,0.11248386501936197,0.887516134980638,942.0,18067.0,0.0,191.4,18.74173027989822,5.135798437050262,4.394449154672439,4.48863636973214,10.390163916069115,8.925454386826402,10.127310872755094,,6.666956792429207,9.597709395814938,5.049856007249537,8.112527763478637,6.848005274576363,9.801842348773928,3.6635616461296463,3.7376696182833684,8.600982717145921,7.642044402873258,5.254365479018854,2.930752603385732,0,0,0,0,1,0,0,0
2003.Ⅲ,601.0,373.0,228.0,46004.0,19305.0,26699.0,,,,970.0,112.0,115.0,743.0,26602.0,6001.0,5956.0,14645.0,685.0,683.0,2.0,0.0,11753.0,11731.0,22.0,0.0,147.0,226.0,172.0,56.0,10637.0,8668.0,21528.0,5171.0,,,,,81.0,30.0,1329.0,4318.0,2003-07-01,2003,3,1,0.41963742283279715,0.5803625771672029,0.3008216676810712,0.6991783323189288,1655.0,38355.0,0.030927835051546393,76.54575707154743,27.424742268041236,6.398594934535208,5.921578419643816,5.429345628954441,10.736483628212472,9.868119408698337,10.192381390503432,,6.877296071497429,10.18874167991324,6.529418838262226,9.371863806132854,7.411556287811163,10.554640176393397,4.990432586778736,5.420534999272286,9.272093768251665,9.067393362656249,4.3378886936772645,3.311445608415813,0,0,0,0,0,1,0,0
2003.Ⅳ,236.0,123.0,113.0,36689.0,11149.0,25540.0,,,,477.0,84.0,78.0,315.0,10120.0,1922.0,3082.0,5116.0,239.0,239.0,0.0,0.0,10147.0,10147.0,0.0,0.0,35.0,88.0,80.0,33.0,4634.0,6515.0,21749.0,3791.0,,,,,79.0,2.0,1180.0,736.0,2003-10-01,2003,4,2,0.3038785467033716,0.6961214532966284,0.2809016326419363,0.7190983673580638,716.0,20267.0,0.0041928721174004195,155.46186440677965,21.21593291404612,5.4638318050256105,4.812184355372417,4.727387818712341,10.510232261594956,9.319105086767571,10.14800112958653,,6.1675164908883415,9.222268942841456,5.476463551931511,9.224933374279082,6.573680166960646,9.916749226519313,3.5553480614894135,4.477336814478207,8.441175704992322,8.781862489558945,5.046400456569345,3.0547524519531155,0,0,0,0,0,0,1,0
2004.Ⅰ,930.0,568.0,362.0,75110.0,34096.0,41014.0,,,,777.0,224.0,154.0,399.0,15548.0,3777.0,4393.0,7378.0,1090.0,1086.0,4.0,0.0,16074.0,15355.0,719.0,0.0,171.0,397.0,243.0,119.0,18574.0,15522.0,31904.0,9110.0,,,,,202.0,21.0,2223.0,1552.0,2004-01-01,2004,1,3,0.453947543602716,0.546052456397284,0.3279456796698176,0.6720543203301824,1867.0,31622.0,0.02702702702702703,80.76344086021506,20.01029601029601,6.835184586147301,6.342121418721152,5.8916442118257715,11.226708984680057,10.436935354338399,10.621668750815715,,6.655440350367647,9.651687291972113,6.993932975223189,9.684958338772663,7.532088143541722,10.36160835987009,5.14166355650266,5.983936280687191,9.829518032335953,9.650013651414085,4.391524398532756,2.996246941604466,0,0,0,1,0,0,0,0
2004.Ⅱ,219.0,118.0,101.0,28586.0,5995.0,22591.0,,,,209.0,56.0,36.0,117.0,3433.0,1337.0,341.0,1755.0,195.0,195.0,0.0,0.0,2353.0,2353.0,0.0,0.0,22.0,96.0,71.0,30.0,1782.0,4213.0,20412.0,2179.0,,,,,49.0,6.0,1263.0,71.0,2004-04-01,2004,2,4,0.20971804379766318,0.7902819562023368,0.22360596095991045,0.7763940390400895,404.0,5786.0,0.028708133971291867,130.5296803652968,16.425837320574164,5.389071729816501,4.770684624465665,4.61512051684126,10.260672366469061,8.698681067461614,10.025306875857222,,5.342334251964811,8.141189793457691,5.272999558563747,7.763446388727362,6.0014148779611505,8.66319648553608,3.091042453358316,4.564348191467836,7.485491608030754,8.345930261979017,4.87160063665256,2.7988555414928813,0,0,0,0,1,0,0,0
2004.Ⅲ,827.0,513.0,314.0,56604.0,22948.0,33656.0,243268.0,119396.0,123872.0,507.0,215.0,79.0,213.0,12852.0,5200.0,3155.0,4497.0,1250.0,1241.0,2.0,7.0,11899.0,11460.0,163.0,276.0,125.0,388.0,194.0,120.0,9692.0,13256.0,23454.0,10202.0,61826.0,57570.0,100414.0,23458.0,194.0,16.0,3526.0,1652.0,2004-07-01,2004,3,5,0.4054130450144866,0.5945869549855134,0.41442300897463075,0.5855769910253692,1757.0,24751.0,0.03155818540433925,68.44498186215236,25.349112426035504,6.717804695023691,6.240275845170769,5.749392985908253,10.943834933072262,10.040986065721762,10.423946625270357,12.40191899525504,6.2285110035911835,9.461254720235749,7.1308988302963465,9.384209641955154,7.471363088187097,10.11662117122102,4.8283137373023015,5.961005339623274,9.179056081936416,9.492205559106399,4.226030238048571,3.232743716644566,0,0,0,0,0,1,0,0
2004.Ⅳ,417.0,273.0,144.0,36556.0,12902.0,23654.0,251029.0,128829.0,122200.0,226.0,120.0,34.0,72.0,4740.0,2495.0,975.0,1270.0,249.0,249.0,0.0,0.0,7517.0,7517.0,0.0,0.0,61.0,212.0,93.0,51.0,4062.0,8840.0,19052.0,4602.0,64107.0,64722.0,98680.0,23520.0,100.0,20.0,1933.0,563.0,2004-10-01,2004,4,6,0.3529379582011161,0.6470620417988839,0.36770981507823614,0.6322901849217639,475.0,12257.0,0.08849557522123894,87.6642685851319,20.97345132743363,6.0330862217988015,5.60947179518496,4.969813299576001,10.506600610392093,9.465137617092187,10.071287512811063,12.433323749288544,5.420534999272286,8.463792414689122,5.517452896464707,8.924922401177469,6.163314804034641,9.413852481341165,4.110873864173311,5.356586274672012,8.30943074214033,9.08704215563169,4.473514388593291,3.043257415416836,0,0,0,0,0,0,1,0
2005.Ⅰ,1158.0,704.0,454.0,94670.0,39660.0,55010.0,289329.0,148767.0,140562.0,561.0,364.0,47.0,150.0,12054.0,5390.0,3413.0,3251.0,913.0,909.0,3.0,1.0,20303.0,19908.0,132.0,263.0,184.0,520.0,259.0,195.0,20447.0,19213.0,45500.0,9510.0,73884.0,74883.0,114100.0,26462.0,317.0,35.0,4548.0,783.0,2005-01-01,2005,1,7,0.41892891095383966,0.5810710890461603,0.30340128868701804,0.6965987113129819,1474.0,32357.0,0.062388591800356503,81.75302245250431,21.486631016042782,7.05444965813294,6.556778356158042,6.118097198041348,11.458152439122937,10.588098402073786,10.915270265869504,12.575319727903697,6.329720905522696,9.39715183404299,6.816735880594968,9.918523937362242,7.295735072749282,10.38458565982913,5.214935757608986,6.253828811575473,9.925591451443054,9.8633424122317,4.403702780989996,3.067430928520293,0,0,0,1,0,0,0,0
2005.Ⅱ,264.0,168.0,96.0,38654.0,14559.0,24095.0,304378.0,162506.0,141872.0,181.0,80.0,44.0,57.0,4478.0,1535.0,1542.0,1401.0,195.0,194.0,1.0,0.0,2589.0,2558.0,31.0,0.0,45.0,123.0,69.0,27.0,4279.0,10280.0,21532.0,2563.0,78378.0,84128.0,115417.0,26455.0,75.0,5.0,1271.0,264.0,2005-04-01,2005,2,8,0.37664924716717546,0.6233507528328246,0.33225539400838205,0.6677446059916179,376.0,7067.0,0.027624309392265192,146.41666666666666,24.740331491712706,5.575949103146316,5.123963979403259,4.564348191467836,10.562405541545413,9.585964638073326,10.089759629074432,12.626025629033252,5.198497031265826,8.4069317971587,5.272999558563747,7.859026979751538,5.929589143389895,8.863191340690854,3.8066624897703196,4.812184355372417,8.361474616416817,9.237955539009157,4.986456438399097,3.2084347658928745,0,0,0,0,1,0,0,0
2005.Ⅲ,1142.0,721.0,421.0,83540.0,43756.0,39784.0,331612.0,186256.0,145356.0,478.0,367.0,44.0,67.0,10479.0,5618.0,3236.0,1625.0,1053.0,1048.0,2.0,3.0,7657.0,7342.0,143.0,172.0,178.0,543.0,223.0,198.0,12051.0,31705.0,26932.0,12852.0,81860.0,104396.0,115270.0,30086.0,359.0,2.0,5523.0,50.0,2005-07-01,2005,3,9,0.5237730428537227,0.4762269571462772,0.5333612640651185,0.4666387359348815,1531.0,18136.0,0.0041841004184100415,73.15236427320491,21.922594142259413,7.040536390215956,6.580639137284949,6.042632833682381,11.333080838051167,10.686384025239681,10.591220100394574,12.71172088976703,6.169610732491456,9.257128533474942,6.959398512133975,8.943375541113124,7.333676395657684,9.805654192187365,5.181783550292085,6.297109319933935,9.396902923027392,10.364229676134132,4.292544447835211,3.087517800983486,0,0,0,0,0,1,0,0
2005.Ⅳ,410.0,245.0,165.0,40253.0,13079.0,27174.0,342893.0,193564.0,149329.0,196.0,134.0,11.0,51.0,3231.0,2152.0,78.0,1001.0,345.0,343.0,2.0,0.0,3102.0,3038.0,64.0,0.0,52.0,193.0,82.0,83.0,5249.0,7830.0,17571.0,9603.0,86314.0,107250.0,118424.0,30905.0,126.0,1.0,2093.0,7.0,2005-10-01,2005,4,10,0.32491988174794423,0.6750801182520557,0.43308573274041684,0.5669142672595832,541.0,6333.0,0.00510204081632653,98.1780487804878,16.48469387755102,6.016157159698354,5.501258210544727,5.10594547390058,10.602939814230668,9.478763169489152,10.210015912784268,12.745173724127739,5.278114659230517,8.080546965824498,5.84354441703136,8.039802343736485,6.293419278846481,8.753529336516431,3.9512437185814275,5.262690188904886,8.5657928612523,8.965717788984849,4.586782654532314,2.802432306593981,0,0,0,0,0,0,1,0
2006.Ⅰ,1263.0,837.0,426.0,96564.0,41471.0,55093.0,374225.0,211866.0,162359.0,456.0,347.0,38.0,71.0,10181.0,4505.0,4200.0,1476.0,1339.0,1333.0,1.0,5.0,16205.0,16097.0,33.0,75.0,165.0,672.0,218.0,208.0,14146.0,27325.0,44592.0,10501.0,92920.0,118946.0,128513.0,33846.0,333.0,2.0,4187.0,40.0,2006-01-01,2006,1,11,0.42946646783480386,0.5705335321651961,0.3917194813802245,0.6082805186197755,1795.0,26386.0,0.0043859649122807015,76.45605700712589,22.32675438596491,7.141245122350491,6.729824070489475,6.054439346269371,11.477961279934133,10.63274966676691,10.916777945328233,12.832612499783437,6.1224928095143865,9.228278517107196,7.199678345691172,9.693075115575647,7.492760300922379,10.180588845443722,5.10594547390058,6.51025834052315,9.557187177595935,10.215557313044739,4.336716157583642,3.1057857075928097,0,0,0,1,0,0,0,0
2006.Ⅱ,349.0,236.0,113.0,55804.0,29755.0,26049.0,401832.0,235979.0,165853.0,202.0,183.0,3.0,16.0,2066.0,1770.0,17.0,279.0,138.0,138.0,0.0,0.0,1038.0,1038.0,0.0,0.0,75.0,161.0,72.0,41.0,7498.0,22257.0,22806.0,3243.0,101597.0,134382.0,131474.0,34379.0,177.0,0.0,1606.0,0.0,2006-04-01,2006,2,12,0.5332055049817217,0.46679449501827824,0.4569564905741524,0.5430435094258476,340.0,3104.0,0.0,159.8968481375358,10.227722772277227,5.855071922202427,5.4638318050256105,4.727387818712341,10.929600830387999,10.300752464078952,10.167734658728754,12.903789369804489,5.308267697401205,7.633369649679584,4.927253685157205,6.945051063725834,5.8289456176102075,8.04044688130311,4.31748811353631,5.081404364984463,8.922391597295857,10.010411844857636,5.074528908185571,2.325101952278379,0,0,0,0,1,0,0,0
2006.Ⅲ,1091.0,675.0,416.0,64204.0,33620.0,30584.0,418622.0,248224.0,170398.0,316.0,209.0,53.0,54.0,6117.0,4220.0,730.0,1167.0,690.0,674.0,15.0,1.0,5107.0,5038.0,2.0,67.0,177.0,498.0,193.0,223.0,12324.0,21296.0,23222.0,7362.0,105330.0,142894.0,134321.0,36077.0,202.0,6.0,3447.0,688.0,2006-07-01,2006,3,13,0.5236433867048782,0.4763566132951218,0.44635848233754905,0.553641517662451,1006.0,11224.0,0.0189873417721519,58.848762603116406,19.35759493670886,6.994849985833071,6.51471269087253,6.030685260261263,11.069820793033108,10.422876406962606,10.328232275376248,12.944723643752523,5.755742213586912,8.718827059242566,6.536691597591305,8.538367426647644,6.913737350659685,9.325809621782296,5.176149732573829,6.210600077024653,9.419303859716559,9.966274540634894,4.074970807200038,2.963084845655653,0,0,0,0,0,1,0,0
2006.Ⅳ,473.0,313.0,160.0,51907.0,31955.0,19952.0,433097.0,264967.0,168130.0,250.0,195.0,18.0,37.0,4643.0,3419.0,450.0,774.0,282.0,281.0,1.0,0.0,1082.0,1077.0,5.0,0.0,88.0,225.0,89.0,71.0,10731.0,21224.0,16175.0,3777.0,112502.0,152465.0,135046.0,33084.0,189.0,1.0,3347.0,50.0,2006-10-01,2006,4,14,0.6156202438977402,0.38437975610225983,0.48164987381278057,0.5183501261872194,532.0,5725.0,0.004,109.73995771670191,18.572,6.159095388491933,5.746203190540153,5.075173815233827,10.857208934818349,10.372083942084382,9.901084667919818,12.978717000371985,5.521460917862246,8.443115988019922,5.641907070938114,6.9865664594064265,6.2766434893416445,8.65259782842244,4.477336814478207,5.41610040220442,9.280892027927127,9.962887895817575,4.698113546326416,2.921655070157675,0,0,0,0,0,0,1,0
2007.Ⅰ,1170.0,739.0,431.0,102763.0,43894.0,58869.0,454435.0,268999.0,185436.0,737.0,582.0,15.0,140.0,14483.0,7393.0,1690.0,5400.0,1075.0,1074.0,0.0,1.0,11289.0,11236.0,0.0,53.0,181.0,558.0,213.0,218.0,14009.0,29885.0,50975.0,7894.0,112144.0,156855.0,148770.0,36666.0,557.0,1.0,7205.0,49.0,2007-01-01,2007,1,15,0.42713817229936846,0.5728618277006315,0.3676323190253301,0.6323676809746699,1812.0,25772.0,0.0013568521031207597,87.83162393162394,19.651289009497965,7.064759027791802,6.6052979209482015,6.066108090103747,11.54018064503668,10.689532915462804,10.983069915297433,13.02681016807072,6.602587892189336,9.580730826800856,6.980075940561763,9.331584079261546,7.502186486602924,10.157043910258533,5.198497031265826,6.324358962381311,9.547455259196115,10.305111961258355,4.475421617244878,2.97814293461152,0,0,0,1,0,0,0,0
2007.Ⅱ,292.0,178.0,114.0,41443.0,18009.0,23434.0,467412.0,280879.0,186533.0,200.0,159.0,9.0,32.0,3398.0,2219.0,485.0,694.0,160.0,160.0,0.0,0.0,1007.0,1007.0,0.0,0.0,54.0,124.0,74.0,40.0,3685.0,14324.0,20891.0,2543.0,116033.0,164846.0,151464.0,35069.0,156.0,0.0,2202.0,0.0,2007-04-01,2007,2,16,0.43454865719180563,0.5654513428081944,0.40699273701228195,0.5930072629877181,360.0,4405.0,0.0,141.92808219178082,16.99,5.676753802268282,5.181783550292085,4.736198448394496,10.632074268135453,9.798626911919953,10.061943238228102,13.054966374698274,5.298317366548036,8.130942302231878,5.075173815233827,6.914730892718563,5.886104031450156,8.39049553837028,3.9889840465642745,4.820281565605037,8.212025804623437,9.569691731118324,4.95532046586717,2.8326249356838407,0,0,0,0,1,0,0,0
2007.Ⅲ,918.0,546.0,372.0,63321.0,33000.0,30321.0,483176.0,293773.0,189403.0,633.0,445.0,16.0,172.0,13684.0,6168.0,673.0,6843.0,854.0,854.0,0.0,0.0,4343.0,4343.0,0.0,0.0,163.0,383.0,173.0,199.0,14199.0,18801.0,23165.0,7156.0,124198.0,169575.0,154666.0,34737.0,438.0,0.0,6128.0,0.0,2007-07-01,2007,3,17,0.5211541194864263,0.4788458805135737,0.4099271963487627,0.5900728036512374,1487.0,18027.0,0.0,68.97712418300654,21.617693522906794,6.822197390620491,6.302618975744905,5.918893854273146,11.055972306668727,10.404262840448617,10.319595820742773,13.08813625549503,6.450470422144176,9.523982546097495,6.74993119378857,8.376320632534823,7.304515946460155,9.799625913002037,5.093750200806762,5.948034989180646,9.560926818574357,9.841665338892785,4.233774916048237,3.073512123953319,0,0,0,0,0,1,0,0
2007.Ⅳ,365.0,229.0,136.0,47017.0,23064.0,23953.0,487445.0,294999.0,192446.0,357.0,315.0,14.0,28.0,6353.0,3804.0,1991.0,558.0,170.0,169.0,1.0,0.0,992.0,983.0,9.0,0.0,95.0,134.0,74.0,62.0,12141.0,10923.0,19896.0,4057.0,123391.0,171608.0,157928.0,34518.0,313.0,0.0,3793.0,0.0,2007-10-01,2007,4,18,0.49054597273326667,0.5094540272667333,0.3186081630048706,0.6813918369951294,527.0,7345.0,0.0,128.813698630137,17.795518207282914,5.8998973535824915,5.43372200355424,4.912654885736052,10.75826451742141,10.046028239318238,10.083848855954896,13.096932742542506,5.877735781779639,8.756682421266532,5.135798437050262,6.899723107284872,6.267200548541362,8.901775088607979,4.553876891600541,4.897839799950911,9.404343433543975,9.298625936843543,4.858367163838919,2.878946639486894,0,0,0,0,0,0,1,0
2008.Ⅰ,1068.0,635.0,433.0,109470.0,47376.0,62094.0,514489.0,315910.0,198579.0,837.0,610.0,22.0,205.0,15676.0,7708.0,653.0,7315.0,1181.0,1181.0,0.0,0.0,7593.0,7593.0,0.0,0.0,201.0,434.0,223.0,210.0,18270.0,29106.0,51798.0,10296.0,130953.0,184957.0,162790.0,35789.0,577.0,0.0,7678.0,0.0,2008-01-01,2008,1,19,0.4327761030419293,0.5672238969580707,0.3599342285557687,0.6400657714442313,2018.0,23269.0,0.0,102.5,18.72879330943847,6.97354301952014,6.453624998892692,6.07073772800249,11.603405818098603,10.765871050341373,11.036404644896228,13.150929454047123,6.729824070489475,9.659886159319521,7.074116816197362,8.934982049213234,7.609862200913554,10.054877281586947,5.303304908059076,6.073044534100405,9.813015649372053,10.278699617473272,4.629862798578463,2.930062088830047,0,0,0,1,0,0,0,0
2008.Ⅱ,299.0,182.0,117.0,48263.0,26715.0,21548.0,523629.0,331587.0,192042.0,454.0,386.0,29.0,39.0,6296.0,5007.0,351.0,938.0,290.0,290.0,0.0,0.0,1215.0,1215.0,0.0,0.0,58.0,124.0,72.0,45.0,6111.0,20604.0,15830.0,5718.0,134293.0,197294.0,156631.0,35411.0,386.0,0.0,5007.0,0.0,2008-04-01,2008,2,20,0.5535296189627665,0.44647038103723347,0.5453867351801587,0.45461326481984127,744.0,7511.0,0.0,161.41471571906354,13.86784140969163,5.700443573390687,5.204006687076795,4.762173934797756,10.784420500529187,10.192980484391871,9.978038283800425,13.168538697274826,6.118097198041348,8.74766979009724,5.66988092298052,7.102499355774649,6.612041034833092,8.924123891686012,4.060443010546419,4.820281565605037,8.717845704894916,9.933240510685476,5.083976927138501,2.629572592055891,0,0,0,0,1,0,0,0
2008.Ⅲ,788.0,446.0,342.0,67456.0,33766.0,33690.0,531507.0,333721.0,197786.0,665.0,532.0,20.0,113.0,10111.0,6186.0,727.0,3198.0,1291.0,1290.0,1.0,0.0,11537.0,11537.0,0.0,0.0,160.0,286.0,187.0,155.0,18537.0,15229.0,28005.0,5685.0,137353.0,196368.0,160310.0,37476.0,529.0,1.0,6048.0,16.0,2008-07-01,2008,3,21,0.500563330170778,0.499436669829222,0.3100391366223909,0.6899608633776091,1956.0,21648.0,0.0015037593984962407,85.60406091370558,15.204511278195488,6.669498089857879,6.100318952020064,5.834810737062605,11.11923081246098,10.427209658037139,10.424956336400598,13.183471646950226,6.499787040655854,9.2213792190914,7.1631723908466425,9.35331454092729,7.578656850594762,9.982668350410568,5.075173815233827,5.655991810819852,9.82752401372909,9.63095678385169,4.4497327226031,2.721592178435545,0,0,0,0,0,1,0,0
2008.Ⅳ,378.0,227.0,151.0,66456.0,31488.0,34968.0,559909.0,351015.0,208894.0,218.0,186.0,11.0,21.0,7248.0,5228.0,428.0,1592.0,216.0,216.0,0.0,0.0,946.0,946.0,0.0,0.0,126.0,101.0,91.0,60.0,20320.0,11168.0,27564.0,7404.0,150779.0,200236.0,171386.0,37508.0,184.0,0.0,4977.0,0.0,2008-10-01,2008,4,22,0.4738172625496569,0.526182737450343,0.2794631034067654,0.7205368965932346,434.0,8194.0,0.0,175.8095238095238,33.24770642201835,5.934894195619588,5.424950017481403,5.017279836814924,11.104295353518907,10.35736179985198,10.46218863654315,13.235529549506776,5.384495062789089,8.888480847722816,5.375278407684165,6.852242569051878,6.073044534100405,9.011157458106817,4.836281906951478,4.61512051684126,9.919360901692418,9.320807825002154,5.16940115789932,3.503985784933726,0,0,0,0,0,0,1,0
2009.Ⅰ,859.0,471.0,388.0,96218.0,45739.0,50479.0,571494.0,365210.0,206284.0,475.0,356.0,59.0,60.0,8260.0,4884.0,1150.0,2226.0,1538.0,1538.0,0.0,0.0,3232.0,3232.0,0.0,0.0,198.0,273.0,223.0,165.0,23445.0,22294.0,41978.0,8501.0,164047.0,201163.0,169362.0,36922.0,354.0,0.0,4837.0,0.0,2009-01-01,2009,1,23,0.4753684341807146,0.5246315658192854,0.32005445966451185,0.6799455403354882,2013.0,11492.0,0.0,112.011641443539,17.389473684210525,6.755768921984255,6.154858094016418,5.961005339623274,11.47437172933798,10.73070660463555,10.829312687193204,13.256009263474226,6.163314804034641,9.019179866515024,7.338238150065589,8.080856419640986,7.607381425639791,9.34940642009918,5.288267030694535,5.60947179518496,10.062412531523687,10.01207286294957,4.718602807353725,2.8558650624803823,0,0,0,1,0,0,0,0
2009.Ⅱ,268.0,170.0,98.0,44990.0,26752.0,18238.0,575812.0,374519.0,201293.0,204.0,171.0,9.0,24.0,4006.0,2918.0,426.0,662.0,108.0,108.0,0.0,0.0,545.0,545.0,0.0,0.0,91.0,79.0,65.0,33.0,10040.0,16712.0,14738.0,3500.0,170139.0,204380.0,165953.0,35340.0,171.0,0.0,2918.0,0.0,2009-04-01,2009,2,24,0.5946210268948655,0.4053789731051345,0.4492553900866859,0.5507446099133141,312.0,4551.0,0.0,167.87313432835822,19.637254901960784,5.5909869805108565,5.135798437050262,4.584967478670572,10.714195521835219,10.194364515884429,9.81126260849361,13.263536497512693,5.318119993844216,8.295548516225763,4.68213122712422,6.300785794663244,5.7430031878094825,8.423102268016642,4.51085950651685,4.3694478524670215,9.214332393245721,9.723882303236401,5.123208541324361,2.977428522381547,0,0,0,0,1,0,0,0
2009.Ⅲ,674.0,369.0,305.0,62357.0,30721.0,31636.0,585685.0,382771.0,202914.0,255.0,223.0,9.0,23.0,4381.0,3525.0,306.0,550.0,838.0,838.0,0.0,0.0,2330.0,2330.0,0.0,0.0,148.0,221.0,162.0,143.0,16672.0,14049.0,25018.0,6618.0,177046.0,205725.0,167912.0,35002.0,223.0,0.0,3525.0,0.0,2009-07-01,2009,3,25,0.49266321343233316,0.5073367865676668,0.3314303125551261,0.6685696874448739,1093.0,6711.0,0.0,92.51780415430267,17.180392156862744,6.513230110912307,5.910796644040527,5.720311776607412,11.040631214253112,10.332701738815134,10.362050991639308,13.28053738136918,5.541263545158426,8.385032287813898,6.731018100482083,7.753623546559746,6.996681488176539,8.811503250158239,4.997212273764115,5.3981627015177525,9.721485944553093,9.550306497851652,4.527401103340805,2.843768742655472,0,0,0,0,0,1,0,0
2009.Ⅳ,309.0,178.0,131.0,44394.0,18208.0,26186.0,579416.0,385955.0,193461.0,176.0,154.0,13.0,9.0,2445.0,1989.0,351.0,105.0,98.0,98.0,0.0,0.0,547.0,547.0,0.0,0.0,81.0,97.0,81.0,50.0,7169.0,11039.0,21399.0,4787.0,177995.0,207960.0,160956.0,32505.0,153.0,0.0,1976.0,0.0,2009-10-01,2009,4,26,0.41014551515970626,0.5898544848402937,0.3564896157138352,0.6435103842861648,274.0,2992.0,0.0,143.66990291262135,13.892045454545455,5.733341276897746,5.181783550292085,4.875197323201151,10.700859604153607,9.809616336926057,10.172980195787698,13.26977597871001,5.170483995038151,7.801800401908973,4.584967478670572,6.304448802421981,5.6131281063880705,8.003697339094368,4.394449154672439,4.574710978503383,8.877521453852872,9.309189736018352,4.967518327255861,2.6313164068708206,0,0,0,0,0,0,1,0
2010.Ⅰ,821.0,470.0,351.0,103504.0,44083.0,59421.0,577002.0,382219.0,194783.0,547.0,402.0,141.0,4.0,6492.0,6056.0,290.0,146.0,895.0,895.0,0.0,0.0,3476.0,3476.0,0.0,0.0,162.0,308.0,193.0,158.0,14935.0,29148.0,51229.0,8192.0,175609.0,206610.0,160239.0,34544.0,399.0,0.0,5976.0,0.0,2010-01-01,2010,1,27,0.42590624516926884,0.5740937548307312,0.36075900448291853,0.6392409955170815,1442.0,9968.0,0.0,126.07064555420219,11.86837294332724,6.710523109452428,6.152732694704104,5.860786223465865,11.547365538283767,10.693829499587176,10.992402978225373,13.265601011688736,6.304448802421981,8.778325928634482,6.796823718274855,8.153637486385282,7.273786317844895,9.207135241027235,5.087596335232384,5.730099782973574,9.61146273065021,10.280141578790174,4.836842428831338,2.4738771262125008,0,0,0,1,0,0,0,0
2010.Ⅱ,214.0,116.0,98.0,39426.0,18846.0,20580.0,573691.0,379589.0,194102.0,212.0,199.0,5.0,8.0,3287.0,2992.0,186.0,109.0,102.0,102.0,0.0,0.0,510.0,510.0,0.0,0.0,33.0,83.0,63.0,35.0,4242.0,14604.0,18378.0,2202.0,177454.0,202135.0,160836.0,33266.0,199.0,0.0,2992.0,0.0,2010-04-01,2010,2,28,0.47800943539796076,0.5219905646020393,0.426266930451986,0.573733069548014,314.0,3797.0,0.0,184.2336448598131,15.504716981132075,5.365976015021851,4.7535901911063645,4.584967478670572,10.582180776125924,9.844055968766702,9.93207500938804,13.259846202825285,5.356586274672012,8.097730573664219,4.624972813284271,6.234410725718371,5.749392985908253,8.241966560231802,3.4965075614664802,4.418840607796598,8.352790135124629,9.589050742775527,5.216204761104072,2.741144298992207,0,0,0,0,1,0,0,0
2010.Ⅲ,686.0,407.0,279.0,63696.0,30569.0,33127.0,570576.0,384129.0,186447.0,351.0,322.0,8.0,21.0,5438.0,4865.0,209.0,364.0,786.0,786.0,0.0,0.0,4355.0,4355.0,0.0,0.0,129.0,278.0,148.0,131.0,14033.0,16536.0,26556.0,6571.0,181247.0,202882.0,153907.0,32540.0,321.0,0.0,4815.0,0.0,2010-07-01,2010,3,29,0.4799202461693042,0.5200797538306958,0.36277003265511176,0.6372299673448882,1137.0,9793.0,0.0,92.85131195335276,15.492877492877493,6.530877627725885,6.008813185442595,5.631211781821365,11.061877045240099,10.327741702540875,10.408103938824375,13.254401655888515,5.860786223465865,8.601166625192416,6.666956792429207,8.379079889286603,7.036148493750536,9.189423123720795,4.859812404361672,5.627621113690637,9.549166977751137,9.713295101361604,4.530999417514213,2.7403804017265503,0,0,0,0,0,1,0,0
2010.Ⅳ,292.0,163.0,129.0,42360.0,15866.0,26494.0,559769.0,377760.0,182009.0,235.0,230.0,3.0,2.0,3686.0,3427.0,223.0,36.0,82.0,82.0,0.0,0.0,548.0,548.0,0.0,0.0,63.0,100.0,72.0,57.0,4095.0,11771.0,20926.0,5568.0,176412.0,201348.0,149024.0,32985.0,229.0,0.0,3424.0,0.0,2010-10-01,2010,4,30,0.37455146364494807,0.6254485363550519,0.40932483474976394,0.5906751652502361,317.0,4234.0,0.0,145.06849315068493,15.685106382978724,5.676753802268282,5.093750200806762,4.859812404361672,10.653959799715343,9.671933733861948,10.184673571244208,13.235279477609803,5.459585514144159,8.212297138229768,4.406719247264253,6.306275286948016,5.75890177387728,8.350902451694811,4.143134726391533,4.605170185988092,8.31752199628717,9.37339415841248,4.977205997447061,2.7527116240856095,0,0,0,0,0,0,1,0
2011.Ⅰ,818.0,482.0,336.0,86897.0,38541.0,48356.0,550903.0,369112.0,181791.0,348.0,335.0,8.0,5.0,4321.0,4075.0,218.0,28.0,838.0,838.0,0.0,0.0,2137.0,2137.0,0.0,0.0,165.0,317.0,185.0,151.0,13663.0,24878.0,41149.0,7207.0,174879.0,194233.0,150903.0,30888.0,327.0,1.0,4033.0,1.0,2011-01-01,2011,1,31,0.4435250929261079,0.5564749070738921,0.36923023809797806,0.6307697619020219,1186.0,6458.0,0.0028735632183908046,106.23105134474328,12.416666666666666,6.706862336602747,6.1779441140506,5.817111159963204,11.372478788217984,10.55947788869972,10.786345588321883,13.219314029080397,5.8522024797744745,8.371242135931933,6.731018100482083,7.667158255319148,7.078341579557671,8.77307495131822,5.10594547390058,5.75890177387728,9.522446728338489,10.12173915776991,4.665616451615238,2.519039656157459,0,0,0,1,0,0,0,0
2011.Ⅱ,227.0,127.0,100.0,47777.0,21133.0,26644.0,559401.0,373640.0,185761.0,213.0,191.0,4.0,18.0,2654.0,2360.0,90.0,204.0,333.0,332.0,0.0,1.0,2348.0,2348.0,0.0,0.0,45.0,82.0,64.0,36.0,6599.0,14534.0,22941.0,3703.0,176376.0,197264.0,153726.0,32035.0,190.0,0.0,2289.0,0.0,2011-04-01,2011,2,32,0.4423258053038073,0.5576741946961927,0.381710865060594,0.618289134939406,546.0,5002.0,0.0,210.4713656387665,12.460093896713616,5.424950017481403,4.844187086458591,4.605170185988092,10.774299631131253,9.958591078762153,10.19031926353307,13.234621847378001,5.3612921657094255,7.8838232148921525,5.808142489980444,7.761319180947987,6.302618975744905,8.517593111437565,3.8066624897703196,4.406719247264253,8.794673401383422,9.584246011176582,5.34934961364985,2.522531049182728,0,0,0,0,1,0,0,0
2011.Ⅲ,746.0,422.0,324.0,81026.0,44357.0,36669.0,568852.0,378226.0,190626.0,329.0,326.0,0.0,3.0,4860.0,4771.0,0.0,89.0,928.0,928.0,0.0,0.0,2027.0,2027.0,0.0,0.0,167.0,255.0,174.0,150.0,29876.0,14481.0,28934.0,7735.0,185171.0,193055.0,156587.0,34039.0,324.0,0.0,4766.0,0.0,2011-07-01,2011,3,33,0.5474415619677634,0.45255843803223655,0.27418359538913434,0.7258164046108656,1257.0,6887.0,0.0,108.61394101876675,14.772036474164134,6.61472560020376,6.045005314036012,5.780743515792329,11.302525369803382,10.700025810683254,10.509686990445372,13.251375573827024,5.796057750765372,8.48879371689454,6.833031732786201,7.614312146452,7.136483208590247,8.837390855544697,5.117993812416755,5.541263545158426,10.304810761476958,9.580592724328602,4.6877997695996205,2.6927359661291677,0,0,0,0,0,1,0,0
2011.Ⅳ,324.0,187.0,137.0,50257.0,28112.0,22145.0,570316.0,386702.0,183614.0,190.0,184.0,4.0,2.0,2462.0,2365.0,87.0,10.0,60.0,60.0,0.0,0.0,1001.0,1001.0,0.0,0.0,68.0,119.0,73.0,64.0,13176.0,14936.0,16428.0,5717.0,194318.0,192384.0,151497.0,32117.0,184.0,0.0,2365.0,0.0,2011-10-01,2011,4,34,0.5593648645959767,0.4406351354040233,0.4109477286746125,0.5890522713253875,250.0,3463.0,0.0,155.1141975308642,12.957894736842105,5.780743515792329,5.231108616854587,4.919980925828125,10.82490511970208,10.243951810426879,10.0053670163573,13.253945872160518,5.247024072160486,7.808729306744399,4.0943445622221,6.90875477931522,5.521460917862246,8.149890544402423,4.219507705176107,4.77912349311153,9.486152271857476,9.611529685221559,5.0441616039097505,2.5617052345839126,0,0,0,0,0,0,1,0
2012.Ⅰ,915.0,571.0,344.0,107968.0,54120.0,53848.0,573312.0,390428.0,182884.0,350.0,321.0,13.0,16.0,5673.0,4743.0,706.0,224.0,1168.0,1168.0,0.0,0.0,2576.0,2576.0,0.0,0.0,223.0,348.0,170.0,174.0,27106.0,27014.0,45062.0,8786.0,200956.0,189472.0,151945.0,30939.0,321.0,0.0,4743.0,0.0,2012-01-01,2012,1,35,0.5012596324836989,0.49874036751630113,0.3315797273266153,0.6684202726733847,1518.0,8249.0,0.0,117.99781420765028,16.208571428571428,6.818924065275521,6.3473892096560105,5.840641657373398,11.58959016590564,10.898959082284724,10.89392054169055,13.259185350126918,5.857933154483459,8.643473357326567,7.0630481633881725,7.853993087224244,7.325148957955575,9.017847259860732,5.407171771460119,5.8522024797744745,10.207510384575961,10.20411052912071,4.770666100630119,2.7855402028431078,0,0,0,1,0,0,0,0
2012.Ⅱ,260.0,157.0,103.0,43074.0,24559.0,18515.0,598369.0,410565.0,187804.0,331.0,322.0,4.0,5.0,4180.0,3841.0,229.0,110.0,129.0,128.0,0.0,1.0,756.0,734.0,0.0,22.0,62.0,95.0,60.0,43.0,6636.0,17923.0,14614.0,3901.0,204817.0,205748.0,156009.0,31795.0,322.0,0.0,3841.0,0.0,2012-04-01,2012,2,36,0.5701583321725403,0.4298416678274597,0.5066629521288945,0.49333704787110555,460.0,4936.0,0.0,165.66923076923078,12.628398791540786,5.560681631015528,5.056245805348308,4.634728988229636,10.670674845804538,10.108833664819757,9.826336493347712,13.301962899487656,5.802118375377063,8.338066525518801,4.859812404361672,6.628041376179533,6.131226489483141,8.504310565585223,4.127134385045092,4.553876891600541,8.800264651310336,9.793840083231597,5.10999321478901,2.535948150141739,0,0,0,0,1,0,0,0
2012.Ⅲ,798.0,478.0,320.0,80316.0,48608.0,31708.0,603053.0,420841.0,182212.0,299.0,294.0,2.0,3.0,4389.0,3995.0,210.0,184.0,910.0,909.0,0.0,1.0,1629.0,1623.0,0.0,6.0,189.0,289.0,160.0,160.0,28197.0,20411.0,25085.0,6623.0,207950.0,212891.0,152659.0,29553.0,291.0,0.0,3966.0,0.0,2012-07-01,2012,3,37,0.6052094227800189,0.39479057721998106,0.33659544798047714,0.6634045520195229,1209.0,6018.0,0.0,100.64661654135338,14.678929765886288,6.682108597449809,6.169610732491456,5.768320995793772,11.293724132888643,10.7915434053955,10.364324293957047,13.309760365710897,5.700443573390687,8.386856689688234,6.813444599510896,7.395721608602045,7.097548850614793,8.70251025718999,5.241747015059643,5.666426688112432,10.246970868288411,9.923829250194043,4.611615535438833,2.6864131162975475,0,0,0,0,0,1,0,0
2012.Ⅳ,337.0,208.0,129.0,60103.0,39104.0,20999.0,609113.0,424753.0,184360.0,253.0,245.0,4.0,4.0,6056.0,5831.0,175.0,50.0,101.0,101.0,0.0,0.0,783.0,783.0,0.0,0.0,107.0,101.0,69.0,60.0,30280.0,8824.0,15703.0,5296.0,212325.0,212428.0,153946.0,30414.0,245.0,0.0,5831.0,0.0,2012-10-01,2012,4,38,0.650616441774953,0.349383558225047,0.23493003677021113,0.7650699632297888,354.0,6839.0,0.0,178.34718100890208,23.936758893280633,5.820082930352362,5.337538079701318,4.859812404361672,11.003815036082822,10.573980042531268,9.952230096524119,13.319759079561848,5.53338948872752,8.708804795117285,4.61512051684126,6.663132695990803,5.869296913133774,8.830396801098097,4.672828834461906,4.61512051684126,10.318242707551384,9.085230560933338,5.183732105730459,3.1754153063897643,0,0,0,0,0,0,1,0
2013.Ⅰ,968.0,624.0,344.0,100875.0,54996.0,45879.0,620270.0,435393.0,184877.0,415.0,407.0,6.0,2.0,6519.0,6115.0,346.0,58.0,1395.0,1395.0,0.0,0.0,2071.0,2071.0,0.0,0.0,245.0,379.0,168.0,176.0,28570.0,26426.0,38784.0,7095.0,226287.0,209106.0,153580.0,31297.0,401.0,2.0,5952.0,158.0,2013-01-01,2013,1,39,0.5451895910780669,0.4548104089219331,0.3323023543990087,0.6676976456009913,1810.0,8590.0,0.004819277108433735,104.20971074380165,15.708433734939758,6.875232087276577,6.436150368369428,5.840641657373398,11.52163740557225,10.915015734297125,10.733762775016233,13.337910146096661,6.028278520230698,8.782476268924539,7.240649694255466,7.635786861395585,7.501082124259871,9.0583540149783,5.501258210544727,5.937536205082426,10.260112495224819,10.182103652974162,4.646405318295673,2.754197748693841,0,0,0,1,0,0,0,0
2013.Ⅱ,277.0,173.0,104.0,60233.0,35205.0,25028.0,625705.0,439361.0,186344.0,191.0,190.0,1.0,0.0,2956.0,2936.0,20.0,0.0,110.0,110.0,0.0,0.0,1305.0,1305.0,0.0,0.0,66.0,107.0,57.0,47.0,6926.0,28279.0,21427.0,3601.0,231856.0,207505.0,154921.0,31423.0,188.0,0.0,2931.0,0.0,2013-04-01,2013,2,40,0.5844802682914682,0.41551973170853185,0.5292779705477064,0.4707220294522936,301.0,4261.0,0.0,217.4476534296029,15.476439790575917,5.6240175061873385,5.153291594497779,4.6443908991413725,11.005975653862587,10.468943396953234,10.127750477118255,13.34663429300455,5.25227342804663,7.991592282068092,4.700480365792417,7.173958319756794,5.707110264748875,8.357259153499912,4.189654742026425,4.672828834461906,8.843037724962366,10.24987475870638,5.381958147675248,2.7393188540214624,0,0,0,0,1,0,0,0
2013.Ⅲ,886.0,568.0,318.0,99319.0,67585.0,31734.0,644000.0,457278.0,186722.0,361.0,355.0,3.0,3.0,5850.0,5243.0,127.0,480.0,1067.0,1067.0,0.0,0.0,1759.0,1759.0,0.0,0.0,205.0,363.0,158.0,160.0,43235.0,24350.0,25129.0,6605.0,245264.0,212014.0,155278.0,31444.0,352.0,0.0,5224.0,0.0,2013-07-01,2013,3,41,0.680484096698517,0.3195159033014831,0.31167248965454747,0.6883275103454526,1428.0,7609.0,0.0,112.0981941309255,16.20498614958449,6.786716950605081,6.342121418721152,5.762051382780177,11.50609217110585,11.121141343917929,10.365143940294034,13.37545400508649,5.8888779583328805,8.674196940225903,6.9726062513017535,7.472500744737558,7.2640301428995295,8.937087036176523,5.3230099791384085,5.8944028342648505,10.674405631394531,10.100287128510736,4.719375220500769,2.7853189818930213,0,0,0,0,0,1,0,0
2013.Ⅳ,363.0,234.0,129.0,50522.0,27460.0,23062.0,645230.0,460228.0,185002.0,199.0,198.0,0.0,1.0,3279.0,3259.0,0.0,20.0,106.0,105.0,0.0,1.0,480.0,471.0,0.0,9.0,76.0,158.0,64.0,65.0,7372.0,20088.0,18106.0,4956.0,242839.0,217389.0,153523.0,31479.0,198.0,0.0,3259.0,0.0,2013-10-01,2013,4,42,0.5435255928110526,0.4564744071889474,0.49570484145520766,0.5042951585447923,305.0,3759.0,0.0,139.17906336088154,16.477386934673365,5.8944028342648505,5.455321115357702,4.859812404361672,10.830164163962701,10.220485679321962,10.045941520331061,13.377362121362397,5.293304824724492,8.095293776844649,4.663439094112067,6.173786103901937,5.720311776607412,8.231908243564177,4.330733340286331,5.062595033026967,8.905444318789714,9.907877900837422,4.93576132969785,2.8019889521201558,0,0,0,0,0,0,1,0
2014.Ⅰ,1024.0,662.0,362.0,93672.0,49522.0,44150.0,646375.0,457766.0,188609.0,330.0,328.0,1.0,1.0,5556.0,5496.0,50.0,10.0,1435.0,1435.0,0.0,0.0,2478.0,2478.0,0.0,0.0,210.0,452.0,172.0,190.0,20153.0,29369.0,37590.0,6560.0,243637.0,214129.0,157089.0,31520.0,325.0,0.0,5466.0,0.0,2014-01-01,2014,1,43,0.5286745238705269,0.47132547612947306,0.38356179007600993,0.6164382099239901,1765.0,8034.0,0.0,91.4765625,16.836363636363636,6.931471805599453,6.495265555937008,5.8916442118257715,11.44755459752856,10.810172294265048,10.695348206032106,13.379135109698522,5.799092654460526,8.622633703874234,7.268920128193722,7.815207062189088,7.475905969367397,8.991437814919227,5.3471075307174685,6.113682179832232,9.911108439667489,10.287694975264353,4.516082791929107,2.8235410494137083,0,0,0,1,0,0,0,0
2014.Ⅱ,273.0,169.0,104.0,37074.0,16624.0,20450.0,640259.0,450823.0,189436.0,153.0,153.0,0.0,0.0,2561.0,2561.0,0.0,0.0,136.0,136.0,0.0,0.0,463.0,463.0,0.0,0.0,55.0,114.0,51.0,53.0,6706.0,9918.0,17076.0,3374.0,243866.0,206957.0,159470.0,29966.0,150.0,0.0,2531.0,0.0,2014-04-01,2014,2,44,0.4484004963046879,0.5515995036953121,0.3585261908615202,0.6414738091384798,289.0,3024.0,0.0,135.8021978021978,16.73856209150327,5.60947179518496,5.1298987149230735,4.6443908991413725,10.520671194289035,9.718602713339008,9.925738161470948,13.369628060971953,5.030437921392435,7.848153086199526,4.912654885736052,6.137727054086234,5.666426688112432,8.014335737299424,4.007333185232471,4.736198448394496,8.810757927026174,9.202106567049078,4.911199399104075,2.81771516480709,0,0,0,0,1,0,0,0
2014.Ⅲ,911.0,558.0,353.0,71461.0,40018.0,31443.0,644578.0,457196.0,187382.0,230.0,228.0,1.0,1.0,3524.0,3465.0,29.0,30.0,653.0,652.0,1.0,0.0,1183.0,1179.0,4.0,0.0,168.0,390.0,167.0,186.0,17352.0,22666.0,23473.0,7970.0,244408.0,212788.0,156931.0,30451.0,227.0,0.0,3460.0,0.0,2014-07-01,2014,3,45,0.5599977610164986,0.4400022389835015,0.4287093659478597,0.5712906340521403,883.0,4707.0,0.0,78.4423710208562,15.321739130434782,6.814542897259958,6.324358962381311,5.8664680569332965,11.176907125322197,10.597084631876438,10.355931661838287,13.37635111808821,5.438079308923196,8.16735198705607,6.481577129276431,7.075808863978387,6.78332520060396,8.456806041401142,5.123963979403259,5.966146739123692,9.761463052506711,10.028621283292894,4.362364228062239,2.7292726781328747,0,0,0,0,0,1,0,0
2014.Ⅳ,395.0,245.0,150.0,49416.0,25991.0,23425.0,635822.0,446435.0,189387.0,214.0,212.0,0.0,2.0,3732.0,3702.0,0.0,30.0,111.0,111.0,0.0,0.0,550.0,550.0,0.0,0.0,83.0,162.0,77.0,73.0,8897.0,17094.0,18514.0,4911.0,245405.0,201030.0,157554.0,31833.0,210.0,0.0,3692.0,0.0,2014-10-01,2014,4,46,0.5259632507689818,0.4740367492310183,0.44530111704711023,0.5546988829528897,325.0,4282.0,0.0,125.10379746835443,17.439252336448597,5.978885764901122,5.501258210544727,5.0106352940962555,10.808029537375734,10.165505603232393,10.061559107106623,13.362673928936326,5.365976015021851,8.224699561967235,4.709530201312334,6.309918278226516,5.783825182329737,8.362175469149628,4.418840607796598,5.087596335232384,9.093469420244768,9.746482803725963,4.829143772474613,2.8587235469453827,0,0,0,0,0,0,1,0
2015.Ⅰ,1112.0,725.0,387.0,96953.0,52810.0,44143.0,666628.0,473518.0,193110.0,350.0,331.0,2.0,17.0,5097.0,4767.0,92.0,238.0,1360.0,1359.0,1.0,0.0,1982.0,1972.0,10.0,0.0,210.0,515.0,161.0,226.0,22044.0,30766.0,34952.0,9191.0,259857.0,213661.0,160848.0,32262.0,325.0,1.0,4733.0,25.0,2015-01-01,2015,1,47,0.5446969150000516,0.4553030849999484,0.4121275257083329,0.5878724742916671,1710.0,7079.0,0.002857142857142857,87.18794964028777,14.562857142857142,7.013915474810528,6.586171654854675,5.958424693029782,11.481981603977506,10.874455845700979,10.695189643065287,13.409987448174045,5.857933154483459,8.536407410340042,7.215239978730097,7.591861714889934,7.444248649496705,8.86488793377419,5.3471075307174685,6.244166900663736,10.000795735003125,10.334165463115696,4.468066129166978,2.678474255856582,0,0,0,1,0,0,0,0
2015.Ⅱ,313.0,191.0,122.0,48349.0,23710.0,24639.0,671110.0,477239.0,193871.0,162.0,153.0,0.0,9.0,2559.0,2463.0,0.0,96.0,92.0,92.0,0.0,0.0,579.0,579.0,0.0,0.0,78.0,113.0,58.0,64.0,13585.0,10125.0,21210.0,3429.0,262682.0,214557.0,160757.0,33114.0,152.0,0.0,2453.0,0.0,2015-04-01,2015,2,48,0.4903927692403152,0.5096072307596848,0.28033671844298746,0.7196632815570125,254.0,3138.0,0.0,154.4696485623003,15.796296296296296,5.746203190540153,5.25227342804663,4.804021044733257,10.786200818144286,10.07365217905945,10.112085832408303,13.416688336944269,5.087596335232384,7.847371836159788,4.5217885770490405,6.361302477572996,5.537334267018537,8.051340933292979,4.356708826689592,4.727387818712341,9.516721521860449,9.22276289197474,5.039997627604133,2.7597755009274048,0,0,0,0,1,0,0,0
2015.Ⅲ,927.0,551.0,376.0,71435.0,36235.0,35200.0,681895.0,487087.0,194808.0,303.0,285.0,12.0,6.0,3279.0,2818.0,383.0,78.0,711.0,709.0,2.0,0.0,1141.0,1132.0,9.0,0.0,177.0,374.0,149.0,227.0,14967.0,21268.0,29053.0,6147.0,266047.0,221040.0,161352.0,33456.0,271.0,0.0,2690.0,0.0,2015-07-01,2015,3,49,0.5072443480086792,0.49275565199132076,0.3837754602085812,0.6162245397914188,1014.0,4420.0,0.0,77.0604099244876,10.821782178217822,6.831953565565855,6.311734809152915,5.929589143389895,11.176543224299259,10.497780781543382,10.468801361586188,13.432630966028423,5.713732805509369,8.095293776844649,6.566672429803241,7.039660349862076,6.921658184151129,8.393894975071744,5.176149732573829,5.924255797414532,9.613603056529147,9.964958874624228,4.344589658733403,2.381560971335279,0,0,0,0,0,1,0,0
2015.Ⅳ,444.0,283.0,161.0,59568.0,39576.0,19992.0,699566.0,503207.0,196359.0,212.0,200.0,0.0,12.0,3013.0,2832.0,0.0,181.0,115.0,115.0,0.0,0.0,231.0,231.0,0.0,0.0,99.0,184.0,70.0,91.0,10589.0,28987.0,16517.0,3475.0,267329.0,235878.0,162629.0,33730.0,196.0,0.0,2723.0,0.0,2015-10-01,2015,4,50,0.6643835616438356,0.3356164383561644,0.5449570239054526,0.4550429760945474,327.0,3244.0,0.0,134.16216216216216,14.212264150943396,6.095824562432225,5.645446897643238,5.081404364984463,10.994873796112499,10.585978152907545,9.903087472514787,13.458215421746061,5.356586274672012,8.0106915391303,4.74493212836325,5.442417710521793,5.7899601708972535,8.084562415235304,4.59511985013459,5.214935757608986,9.267571005430455,10.274602732600881,4.899049233680273,2.6541052644582885,0,0,0,0,0,0,1,0
2016.Ⅰ,1206.0,750.0,456.0,105657.0,61316.0,44341.0,706435.0,510640.0,195795.0,270.0,260.0,3.0,7.0,3748.0,3582.0,47.0,119.0,1111.0,1110.0,0.0,1.0,1737.0,1713.0,0.0,24.0,210.0,540.0,176.0,280.0,27192.0,34124.0,38023.0,6318.0,275539.0,235101.0,161192.0,34603.0,256.0,0.0,3521.0,0.0,2016-01-01,2016,1,51,0.5803306927132135,0.4196693072867865,0.3827668777269845,0.6172331222730155,1381.0,5485.0,0.0,87.6094527363184,13.881481481481481,7.095064377287131,6.620073206530356,6.1224928095143865,11.567953277356672,11.023796099285997,10.699665035915537,13.467986474043343,5.598421958998375,8.228977643358313,7.01301578963963,7.459914766241105,7.2305631534092925,8.609772372709331,5.3471075307174685,6.29156913955832,10.210678091375952,10.437756228028585,4.472888900069542,2.6305556843599383,0,0,0,1,0,0,0,0
2016.Ⅱ,355.0,216.0,139.0,52398.0,29423.0,22975.0,706309.0,511889.0,194420.0,180.0,159.0,5.0,16.0,3131.0,2997.0,118.0,16.0,125.0,124.0,0.0,1.0,229.0,228.0,0.0,1.0,78.0,138.0,61.0,78.0,17659.0,11764.0,18934.0,4041.0,281350.0,230539.0,158676.0,35744.0,157.0,0.0,2892.0,0.0,2016-04-01,2016,2,52,0.5615290659948853,0.4384709340051147,0.3016336501393183,0.6983663498606817,305.0,3360.0,0.0,147.6,17.394444444444446,5.872117789475416,5.375278407684165,4.9344739331306915,10.866623701641787,10.289531960404688,10.042161947223887,13.46780809777654,5.19295685089021,8.049107721326406,4.8283137373023015,5.43372200355424,5.720311776607412,8.11969625295725,4.356708826689592,4.927253685157205,9.779000847413124,9.372799299673886,4.994505912166372,2.8561508704361955,0,0,0,0,1,0,0,0
2016.Ⅲ,969.0,597.0,372.0,92677.0,55909.0,36768.0,727842.0,526448.0,201394.0,320.0,284.0,25.0,11.0,6858.0,5817.0,436.0,605.0,577.0,577.0,0.0,0.0,668.0,668.0,0.0,0.0,183.0,414.0,146.0,226.0,32152.0,23757.0,29929.0,6839.0,293863.0,232585.0,164247.0,37147.0,269.0,0.0,5477.0,0.0,2016-07-01,2016,3,53,0.603267261564358,0.39673273843564205,0.3301358481608166,0.6698641518391834,897.0,7526.0,0.0,95.64189886480908,21.43125,6.876264611890766,6.391917113392602,5.918893854273146,11.436875608579165,10.931480647972702,10.512383180648483,13.497839270656728,5.768320995793772,8.833171133022866,6.3578422665081,6.504288173536645,6.799055862058796,8.926118971153382,5.209486152841421,6.025865973825314,10.378229936129037,10.075632502878522,4.560610996688399,3.0648501372290933,0,0,0,0,0,1,0,0
2016.Ⅳ,539.0,346.0,193.0,52676.0,30599.0,22077.0,740610.0,539949.0,200661.0,227.0,219.0,3.0,5.0,3388.0,2895.0,43.0,450.0,87.0,87.0,0.0,0.0,288.0,288.0,0.0,0.0,118.0,228.0,71.0,122.0,9505.0,21094.0,17500.0,4577.0,297170.0,242779.0,164137.0,36524.0,214.0,0.0,2558.0,0.0,2016-10-01,2016,4,54,0.5808907282253778,0.4191092717746222,0.4873376869921786,0.5126623130078214,314.0,3676.0,0.0,97.7291280148423,14.92511013215859,6.289715570908998,5.846438775057725,5.262690188904886,10.871915222830111,10.328722607667915,10.00229162159471,13.515229449935978,5.424950017481403,8.127995055771946,4.465908118654584,5.662960480135946,5.749392985908253,8.209580483475577,4.770684624465665,5.429345628954441,9.15957325492253,9.95674391883656,4.582199651921114,2.703045038290542,0,0,0,0,0,0,1,0
2017.Ⅰ,1196.0,725.0,471.0,101015.0,60045.0,40970.0,742348.0,539490.0,202858.0,434.0,363.0,20.0,51.0,6436.0,4213.0,966.0,1257.0,892.0,892.0,0.0,0.0,1117.0,1117.0,0.0,0.0,188.0,537.0,152.0,319.0,23694.0,36351.0,31936.0,9034.0,291454.0,248036.0,164201.0,38657.0,353.0,0.0,4067.0,0.0,2017-01-01,2017,1,55,0.5944166707914667,0.4055833292085334,0.44928970944909175,0.5507102905509083,1326.0,7553.0,0.0,84.46070234113712,14.829493087557603,7.086737934510577,6.586171654854675,6.154858094016418,11.523024299647643,11.002849560094784,10.620595370540917,13.517573414897546,6.073044534100405,8.769662508112274,6.79346613258001,7.018401799069201,7.189922170745808,8.929700114313448,5.236441962829949,6.285998094508865,10.072977130514705,10.500976992899632,4.436286365137065,2.6966179740118688,0,0,0,1,0,0,0,0
2017.Ⅱ,369.0,207.0,162.0,47755.0,24208.0,23547.0,754547.0,544258.0,210289.0,256.0,243.0,2.0,11.0,4841.0,4223.0,63.0,555.0,98.0,98.0,0.0,0.0,270.0,270.0,0.0,0.0,55.0,152.0,58.0,104.0,4853.0,19355.0,19564.0,3983.0,289876.0,254382.0,171758.0,38531.0,184.0,1.0,3232.0,950.0,2017-04-01,2017,2,56,0.5069207412836352,0.49307925871636477,0.48870275363836246,0.5112972463616375,354.0,5111.0,0.00390625,129.41734417344173,18.91015625,5.910796644040527,5.332718793265369,5.087596335232384,10.773839052468839,10.094438436028137,10.066753702794923,13.53387284815913,5.545177444479562,8.484876589939695,4.584967478670572,5.598421958998375,5.869296913133774,8.53915035876828,4.007333185232471,5.0238805208462765,8.487352349405215,9.870706063011749,4.863042408428311,2.939699145460132,0,0,0,0,1,0,0,0
2017.Ⅲ,1016.0,582.0,434.0,69520.0,39198.0,30322.0,753628.0,552111.0,201517.0,394.0,357.0,6.0,31.0,6963.0,5457.0,743.0,763.0,468.0,468.0,0.0,0.0,555.0,555.0,0.0,0.0,161.0,421.0,147.0,287.0,15726.0,23472.0,23637.0,6685.0,291362.0,260749.0,163535.0,37982.0,351.0,0.0,5257.0,0.0,2017-07-01,2017,3,57,0.5638377445339471,0.4361622554660529,0.433788837744534,0.5662111622554661,862.0,7518.0,0.0,68.4251968503937,17.67258883248731,6.923628628138427,6.366470447731438,6.073044534100405,11.149369759939274,10.576381004068805,10.319628800641526,13.532654156543446,5.976350909297934,8.848365694942547,6.148468295917647,6.318968113746434,6.759255270663693,8.925055424124123,5.081404364984463,6.042632833682381,9.663070672551461,10.063563500382763,4.225741131800847,2.872014785644613,0,0,0,0,0,1,0,0
2017.Ⅳ,573.0,353.0,220.0,81143.0,58469.0,22674.0,765810.0,561815.0,203995.0,546.0,533.0,1.0,12.0,4203.0,3613.0,36.0,554.0,85.0,85.0,0.0,0.0,473.0,473.0,0.0,0.0,109.0,244.0,89.0,131.0,38730.0,19739.0,19487.0,3187.0,298985.0,262830.0,166250.0,37745.0,236.0,0.0,3583.0,0.0,2017-10-01,2017,4,58,0.7205673933672652,0.2794326066327348,0.2825382349678962,0.7174617650321038,631.0,4676.0,0.0,141.6108202443281,7.697802197802198,6.35088571671474,5.8664680569332965,5.393627546352362,11.303968309209806,10.976251978235707,10.028974172577543,13.548689376179823,6.302618975744905,8.343553835005117,4.442651256490317,6.159095388491933,6.447305862541213,8.450198322591959,4.6913478822291435,5.497168225293202,10.564369772508797,9.890351653142988,4.953082592495066,2.040934859260212,0,0,0,0,0,0,1,0
2018.Ⅰ,1270.0,741.0,529.0,106155.0,55286.0,50869.0,775364.0,568520.0,206844.0,443.0,398.0,13.0,32.0,8796.0,7555.0,767.0,474.0,793.0,793.0,0.0,0.0,1053.0,1053.0,0.0,0.0,213.0,528.0,165.0,364.0,20887.0,34399.0,40413.0,10456.0,298994.0,269526.0,169201.0,37643.0,390.0,0.0,7411.0,0.0,2018-01-01,2018,1,59,0.5208044840092317,0.4791955159907682,0.4225425085959211,0.577457491404079,1236.0,9849.0,0.0,83.58661417322834,19.85553047404063,7.146772179452637,6.608000625296087,6.270988431858299,11.572655569177995,10.920274990901907,10.83700897967195,13.561087875490925,6.093569770045136,9.082052351674651,6.675823221634848,6.959398512133975,7.119635638017636,9.195125206169703,5.3612921657094255,6.269096283706261,9.946882234855318,10.445782773171514,4.4258833897253576,2.988482581629516,0,0,0,1,0,0,0,0
2018.Ⅱ,355.0,213.0,142.0,43084.0,26621.0,16463.0,776934.0,579504.0,197430.0,210.0,202.0,1.0,7.0,3720.0,3421.0,42.0,257.0,95.0,95.0,0.0,0.0,537.0,537.0,0.0,0.0,68.0,145.0,46.0,96.0,4646.0,21975.0,11914.0,4549.0,300274.0,279230.0,159039.0,38391.0,196.0,0.0,3334.0,0.0,2018-04-01,2018,2,60,0.6178859901587597,0.3821140098412404,0.6156345743199332,0.3843654256800668,305.0,4257.0,0.0,121.36338028169014,17.714285714285715,5.872117789475416,5.3612921657094255,4.955827057601261,10.670906977470661,10.189455656983572,9.708870717648022,13.56311068365706,5.3471075307174685,8.221478947267192,4.553876891600541,6.285998094508865,5.720311776607412,8.356319965828153,4.219507705176107,4.976733742420574,8.443761913330354,9.997660722553377,4.798789187995245,2.8743714165497236,0,0,0,0,1,0,0,0
2018.Ⅲ,937.0,529.0,408.0,74042.0,46760.0,27282.0,782898.0,581812.0,201086.0,287.0,260.0,13.0,14.0,6086.0,5246.0,579.0,261.0,328.0,328.0,0.0,0.0,478.0,478.0,0.0,0.0,131.0,398.0,125.0,283.0,10635.0,36125.0,20513.0,6769.0,284086.0,297726.0,162000.0,39086.0,257.0,0.0,5213.0,0.0,2018-07-01,2018,3,61,0.6315334539855757,0.36846654601442425,0.5793198454930986,0.4206801545069015,615.0,6564.0,0.0,79.02027748132338,21.205574912891986,6.842683282238422,6.270988431858299,6.0112671744041615,11.21238777874832,10.752783415586006,10.213982423053066,13.570757698288068,5.659482215759621,8.713746330456916,5.793013608384144,6.169610732491456,6.421622267806518,8.789355452209982,4.875197323201151,5.986452005284438,9.271905727634337,10.494740425414733,4.369704496509899,3.054264114697295,0,0,0,0,0,1,0,0
2018.Ⅳ,544.0,344.0,200.0,63159.0,42996.0,20163.0,786693.0,587532.0,199161.0,221.0,203.0,2.0,16.0,10136.0,9234.0,100.0,802.0,135.0,134.0,0.0,1.0,744.0,729.0,0.0,15.0,76.0,268.0,66.0,134.0,24564.0,18432.0,16231.0,3932.0,300386.0,287146.0,159953.0,39208.0,199.0,0.0,9206.0,0.0,2018-10-01,2018,4,62,0.6807580867334821,0.31924191326651785,0.3540904700834402,0.6459095299165598,356.0,10880.0,0.0,116.10110294117646,45.86425339366516,6.298949246855942,5.840641657373398,5.298317366548036,11.053410635438665,10.668862367092954,9.911604520638075,13.575593362349693,5.3981627015177525,9.223848722000975,4.90527477843843,6.612041034833092,5.87493073085203,9.294681520409934,4.330733340286331,5.5909869805108565,10.10903723544929,9.821843563495618,4.7544613885827225,3.8256860204832224,0,0,0,0,0,0,1,0
2019.Ⅰ,1268.0,757.0,511.0,119341.0,73490.0,45851.0,813395.0,608480.0,204915.0,452.0,423.0,11.0,18.0,13234.0,11516.0,931.0,787.0,647.0,646.0,0.0,1.0,1095.0,1091.0,0.0,4.0,216.0,541.0,147.0,364.0,34197.0,39293.0,34713.0,11138.0,312040.0,296440.0,163570.0,41345.0,402.0,0.0,11474.0,0.0,2019-01-01,2019,1,63,0.6157984263580831,0.38420157364191687,0.4225789963214654,0.5774210036785347,1099.0,14329.0,0.0,94.11750788643533,29.278761061946902,7.145196134997171,6.6293632534374485,6.236369590203704,11.68974022046111,11.204904621522918,10.733152287697589,13.60897212539924,6.113682179832232,9.490544554572004,6.472346294500901,6.9985096422506015,7.002155954403621,9.570040734716603,5.375278407684165,6.293419278846481,10.439893199904889,10.578801664944281,4.544544085463938,3.3768623747397735,0,0,0,1,0,0,0,0
2019.Ⅱ,339.0,197.0,142.0,54490.0,32322.0,22168.0,823213.0,619021.0,204192.0,246.0,215.0,3.0,28.0,5475.0,4536.0,37.0,902.0,53.0,52.0,0.0,1.0,106.0,96.0,0.0,10.0,56.0,141.0,43.0,99.0,5030.0,27292.0,18140.0,4028.0,307120.0,311901.0,161916.0,42276.0,212.0,0.0,4510.0,0.0,2019-04-01,2019,2,64,0.5931730592769315,0.40682694072306846,0.5747843641035052,0.42521563589649475,299.0,5581.0,0.0,160.73746312684366,22.25609756097561,5.82600010738045,5.2832037287379885,4.955827057601261,10.905772477577145,10.383503391908588,10.006405086542815,13.620970255408382,5.5053315359323625,8.607947554684701,3.970291913552122,4.663439094112067,5.700443573390687,8.627123250788433,4.02535169073515,4.948759890378168,8.523175263093785,10.214348897935315,5.079772370196694,3.102616018752339,0,0,0,0,1,0,0,0
2019.Ⅲ,849.0,494.0,355.0,74625.0,38124.0,36501.0,827320.0,615917.0,211403.0,388.0,341.0,16.0,31.0,12966.0,11621.0,264.0,1081.0,505.0,505.0,0.0,0.0,497.0,497.0,0.0,0.0,143.0,351.0,118.0,237.0,15729.0,22394.0,28319.0,8182.0,292513.0,323406.0,168562.0,42841.0,338.0,0.0,11581.0,0.0,2019-07-01,2019,3,65,0.5108743718592965,0.48912562814070354,0.4097286432160804,0.5902579564489112,893.0,13463.0,0.0,87.89752650176679,33.41752577319588,6.744059186311348,6.202535517187923,5.872117789475416,11.220230850694904,10.548599284057516,10.505094936455558,13.62594683991326,5.961005339623274,9.470085825734941,6.22455842927536,6.208590026096629,6.794586580876499,9.507700460979235,4.962844630259907,5.860786223465865,9.663261421240643,10.016548344820142,4.476171664383556,3.5090804861116673,0,0,0,0,0,1,0,0
2019.Ⅳ,526.0,332.0,194.0,58007.0,41204.0,16803.0,845466.0,633929.0,211537.0,301.0,272.0,12.0,17.0,10611.0,9436.0,127.0,1048.0,228.0,228.0,0.0,0.0,230.0,230.0,0.0,0.0,92.0,240.0,59.0,135.0,19552.0,21652.0,13092.0,3711.0,303165.0,330764.0,167546.0,43991.0,266.0,1.0,9221.0,146.0,2019-10-01,2019,4,66,0.7103280638543624,0.2896719361456376,0.437240333063251,0.5627596669367491,529.0,10841.0,0.0033222591362126247,110.27946768060836,35.25249169435216,6.26530121273771,5.805134968916488,5.267858159063328,10.968318971901319,10.626290618003583,9.729312720877942,13.647643233620432,5.707110264748875,9.269646477873591,5.429345628954441,5.438079308923196,6.270988431858299,9.291090521661292,4.5217885770490405,5.480638923341991,9.880832861971323,9.982853107916869,4.703017759163608,3.5625362131247145,0,0,0,0,0,0,1,0
2020.Ⅰ,1250.0,746.0,504.0,110613.0,60186.0,50427.0,854855.0,643369.0,211486.0,561.0,492.0,10.0,59.0,10422.0,8023.0,333.0,2066.0,849.0,849.0,0.0,0.0,988.0,988.0,0.0,0.0,177.0,569.0,139.0,365.0,17322.0,42866.0,42205.0,8222.0,305591.0,337777.0,166719.0,44767.0,491.0,0.0,7973.0,0.0,2020-01-01,2020,1,67,0.5441132597434298,0.4558867402565702,0.46186252972073805,0.5381555513366422,1410.0,11410.0,0.0,88.4904,18.577540106951872,7.1308988302963465,6.61472560020376,6.222576268071369,11.613792901850168,11.00519504611154,10.828282024901505,13.658687142893504,6.329720905522696,9.25167423546916,6.744059186311348,6.895682697747868,7.251344983372214,9.342245442856122,5.176149732573829,6.343880434126331,9.75973264889099,10.665834249897078,4.482894071553821,2.9219533299464637,0,0,0,1,0,0,0,0
2020.Ⅱ,397.0,198.0,199.0,90279.0,45615.0,44664.0,914298.0,665309.0,248989.0,231.0,220.0,1.0,10.0,8890.0,7984.0,72.0,834.0,120.0,120.0,0.0,0.0,131.0,131.0,0.0,0.0,86.0,112.0,92.0,107.0,27268.0,18347.0,38983.0,5681.0,320219.0,345093.0,200403.0,48586.0,219.0,0.0,7979.0,0.0,2020-04-01,2020,2,68,0.505267005615924,0.49473299438407603,0.2661527043941559,0.733847295605844,351.0,9021.0,0.0,227.4030226700252,38.484848484848484,5.983936280687191,5.288267030694535,5.293304824724492,11.410660154219704,10.727991888779576,10.706923086990196,13.725911836684304,5.442417710521793,9.09268232850795,4.787491742782046,4.875197323201151,5.860786223465865,9.107310471656639,4.454347296253507,4.718498871295094,10.213469132482675,9.81722135237872,5.426723873532514,3.650264617986157,0,0,0,0,1,0,0,0
2020.Ⅲ,743.0,374.0,369.0,78119.0,37684.0,40435.0,922897.0,662725.0,260172.0,228.0,202.0,2.0,24.0,8686.0,7470.0,25.0,1191.0,548.0,534.0,14.0,0.0,286.0,268.0,18.0,0.0,100.0,274.0,139.0,230.0,17116.0,20568.0,33308.0,7128.0,314567.0,348157.0,211052.0,49119.0,200.0,0.0,7446.0,0.0,2020-07-01,2020,3,69,0.48239224772462524,0.5176077522753747,0.35453602836697856,0.6454767726161369,776.0,8972.0,0.0,105.1399730820996,38.09649122807018,6.610696044717759,5.924255797414532,5.910796644040527,11.265988584089431,10.536990880168558,10.607451025529922,13.735272914625348,5.429345628954441,9.069467813094768,6.306275286948016,5.655991810819852,6.654152520183219,9.101863895640099,4.605170185988092,5.6131281063880705,9.747768977536708,9.931491748945726,4.655292539371673,3.6401221841403264,0,0,0,0,0,1,0,0
2020.Ⅳ,578.0,357.0,221.0,66347.0,43912.0,22435.0,943854.0,680206.0,263648.0,209.0,189.0,1.0,19.0,8621.0,7386.0,85.0,1150.0,191.0,178.0,13.0,0.0,169.0,168.0,1.0,0.0,107.0,250.0,77.0,144.0,18680.0,25232.0,17767.0,4668.0,326685.0,353525.0,213714.0,49935.0,187.0,0.0,7233.0,0.0,2020-10-01,2020,4,70,0.6618535879542405,0.3381464120457594,0.45066091910711864,0.5493390808928814,400.0,8790.0,0.0,114.78719723183391,41.248803827751196,6.359573868672378,5.877735781779639,5.3981627015177525,11.102653823967977,10.689942910229725,10.018377518410084,13.75772677214944,5.342334251964811,9.061956366209925,5.25227342804663,5.1298987149230735,5.991464547107982,9.081369990679223,4.672828834461906,5.521460917862246,9.835208711782833,10.13586830920282,4.7430799552956,3.719622114245114,0,0,0,0,0,0,1,0
2021.Ⅰ,1204.0,692.0,512.0,101066.0,60874.0,40192.0,940846.0,683528.0,257318.0,475.0,446.0,9.0,20.0,12865.0,11000.0,819.0,1046.0,746.0,745.0,0.0,1.0,1037.0,1036.0,0.0,1.0,178.0,514.0,148.0,364.0,20515.0,40360.0,29391.0,10801.0,322040.0,361489.0,206561.0,50759.0,441.0,0.0,10754.0,0.0,2021-01-01,2021,1,71,0.602319276512378,0.39768072348762196,0.5062137613044941,0.49379613321987614,1221.0,13902.0,0.0,83.94186046511628,27.08421052631579,7.093404625868766,6.539585955617669,6.238324625039508,11.523529047754419,11.016561433145242,10.60142324982787,13.754534749489023,6.163314804034641,9.462265724715845,6.61472560020376,6.9440872082295275,7.107425474110705,9.53978799366043,5.181783550292085,6.2422232654551655,9.928911604876287,10.605594474467546,4.430124421885654,3.2989509206812033,0,0,0,1,0,0,0,0
2021.Ⅱ,381.0,207.0,174.0,47843.0,24450.0,23393.0,920888.0,678971.0,241917.0,188.0,172.0,5.0,11.0,8911.0,7690.0,211.0,1010.0,146.0,146.0,0.0,0.0,299.0,299.0,0.0,0.0,59.0,148.0,63.0,111.0,4480.0,19971.0,19128.0,4265.0,318895.0,360077.0,191705.0,50214.0,171.0,0.0,7671.0,0.0,2021-04-01,2021,2,72,0.5110465480843592,0.48895345191564077,0.5065735844324144,0.4934473172668938,334.0,9210.0,0.0,125.57217847769029,47.398936170212764,5.942799375126701,5.332718793265369,5.159055299214529,10.775680095688484,10.104385494903019,10.060192111293768,13.73309370089375,5.236441962829949,9.09504174761272,4.983606621708336,5.700443573390687,5.811140992976701,9.128045129249353,4.07753744390572,4.997212273764115,8.40737832540903,9.902036500268814,4.832880720561784,3.8585997847827707,0,0,0,0,1,0,0,0
2021.Ⅲ,814.0,470.0,344.0,94903.0,55801.0,39102.0,936745.0,689789.0,246956.0,335.0,313.0,8.0,14.0,10624.0,9394.0,314.0,916.0,644.0,642.0,0.0,2.0,794.0,758.0,0.0,36.0,118.0,352.0,118.0,226.0,16715.0,39088.0,31790.0,7313.0,320618.0,369170.0,193771.0,53187.0,309.0,0.0,9180.0,0.0,2021-07-01,2021,3,73,0.5879793051852945,0.41202069481470555,0.48893080303046266,0.5111008081936292,979.0,11418.0,0.0,116.58845208845209,31.713432835820896,6.70196036600254,6.152732694704104,5.840641657373398,11.460610596321757,10.929547069355774,10.573928895560435,13.750166379038273,5.814130531825066,9.270870871716214,6.467698726104354,6.677083461247136,6.88653164253051,9.342946336524205,4.770684624465665,5.863631175598097,9.7240617988542,10.573570793497522,4.758650230319216,3.4567403398911485,0,0,0,0,0,1,0,0
2021.Ⅳ,567.0,352.0,215.0,60760.0,37186.0,23574.0,935442.0,687652.0,247790.0,195.0,171.0,7.0,17.0,10150.0,8762.0,374.0,1014.0,165.0,165.0,0.0,0.0,273.0,273.0,0.0,0.0,95.0,257.0,66.0,149.0,10276.0,26910.0,17958.0,5616.0,311194.0,376462.0,194299.0,53491.0,168.0,0.0,8666.0,0.0,2021-10-01,2021,4,74,0.6120144832126398,0.3879855167873601,0.535319289005925,0.46468071099407504,360.0,10423.0,0.0,107.1604938271605,52.05128205128205,6.340359303727752,5.863631175598097,5.3706380281276624,11.01468695670971,10.523687625340008,10.067899688786515,13.748774423843216,5.272999558563747,9.225228984469933,5.10594547390058,5.60947179518496,5.886104031450156,9.251770181739323,4.553876891600541,5.54907608489522,9.237566358229774,10.200253243720951,4.674327652981957,3.9522294259061868,0,0,0,0,0,0,1,0
2022.Ⅰ,1230.0,725.0,505.0,111566.0,65970.0,45596.0,1066064.0,758170.0,307894.0,545.0,519.0,10.0,16.0,13445.0,11220.0,1332.0,893.0,874.0,872.0,0.0,2.0,1481.0,1440.0,0.0,41.0,177.0,548.0,139.0,366.0,15758.0,50212.0,29528.0,16068.0,311328.0,446841.0,230718.0,77176.0,513.0,3.0,11173.0,20.0,2022-01-01,2022,1,75,0.5913091802161949,0.4086908197838051,0.5940878045282613,0.4059121954717387,1419.0,14926.0,0.005504587155963303,90.7040650406504,24.6697247706422,7.114769448366463,6.586171654854675,6.22455842927536,11.622371623013008,11.096955372216916,10.727575272356669,13.8794839194292,6.300785794663244,9.506362568702965,6.773080375655535,7.300472814267799,7.257707677160043,9.610859937691332,5.176149732573829,6.306275286948016,9.665103451805633,10.8240093209381,4.507602174646544,3.205576774039721,0,0,0,1,0,0,0,0
2022.Ⅱ,406.0,229.0,177.0,43050.0,18786.0,24264.0,944337.0,693350.0,250987.0,257.0,243.0,1.0,13.0,8208.0,7258.0,144.0,806.0,280.0,280.0,0.0,0.0,544.0,544.0,0.0,0.0,71.0,158.0,60.0,117.0,4854.0,13933.0,21077.0,3187.0,309501.0,383850.0,198094.0,52893.0,241.0,0.0,7243.0,0.0,2022-04-01,2022,2,76,0.43637630662020904,0.5636236933797909,0.3976771196283391,0.6023461091753775,537.0,8752.0,0.0,106.03448275862068,31.93774319066148,6.0063531596017325,5.43372200355424,5.176149732573829,10.670117509855876,9.84086719055446,10.096749049368418,13.758238372946748,5.54907608489522,9.012864567410551,5.634789603169249,6.298949246855942,6.285998094508865,9.077037524661762,4.2626798770413155,5.062595033026967,8.487558386286548,9.542015406113592,4.663764350254144,3.463788482515331,0,0,0,0,1,0,0,0
2022.Ⅲ,845.0,494.0,351.0,85387.0,45204.0,40183.0,947853.0,698688.0,249165.0,359.0,338.0,2.0,19.0,7536.0,6676.0,153.0,707.0,512.0,511.0,0.0,1.0,853.0,851.0,0.0,2.0,157.0,337.0,129.0,222.0,23345.0,21859.0,31997.0,8187.0,312922.0,385768.0,196666.0,52499.0,329.0,8.0,6541.0,51.0,2022-07-01,2022,3,77,0.5294014311312026,0.47059856886879736,0.35188026280347123,0.6481314485811658,871.0,8389.0,0.022284122562674095,101.04970414201183,20.991643454038996,6.739336627357174,6.202535517187923,5.860786223465865,11.35494914336493,10.71894085748004,10.601199299593652,13.761954705922465,5.883322388488279,8.927446816256198,6.238324625039508,6.748759547491679,6.769641976852503,9.034676602846295,5.056245805348308,5.820082930352362,10.058138107405037,9.992368015030003,4.615612516007757,3.0441244277679202,0,0,0,0,0,1,0,0
2022.Ⅳ,582.0,352.0,230.0,66616.0,42655.0,23961.0,962066.0,712436.0,249630.0,264.0,248.0,7.0,9.0,8235.0,6821.0,486.0,928.0,147.0,147.0,0.0,0.0,1996.0,1996.0,0.0,0.0,114.0,238.0,57.0,173.0,17469.0,25186.0,15127.0,8834.0,320162.0,392276.0,196154.0,53476.0,247.0,0.0,6771.0,0.0,2022-10-01,2022,4,78,0.6403116368440014,0.35968836315599856,0.5106881229734598,0.48931187702654017,411.0,10231.0,0.0,114.46048109965636,31.193181818181817,6.366470447731438,5.863631175598097,5.438079308923196,11.106700067915655,10.660899779342795,10.0841827875855,13.776838334363093,5.575949103146316,9.016148642611741,4.990432586778736,7.59890045687141,6.018593214496234,9.23317760587894,4.736198448394496,5.472270673671475,9.76818316050523,10.134043563565792,4.740229620184217,3.4401995394654246,0,0,0,0,0,0,1,0
2023.Ⅰ,1261.0,744.0,517.0,123404.0,78279.0,45125.0,986881.0,733080.0,253801.0,546.0,496.0,34.0,16.0,10797.0,6731.0,3391.0,675.0,649.0,649.0,0.0,0.0,1145.0,1145.0,0.0,0.0,229.0,515.0,139.0,378.0,30101.0,48178.0,35176.0,9949.0,325009.0,408071.0,197694.0,56107.0,491.0,0.0,6535.0,0.0,2023-01-01,2023,1,79,0.6343311399954621,0.36566886000453797,0.4710301124760948,0.5289698875239052,1195.0,11942.0,0.0,97.8620142743854,19.774725274725274,7.13966033596492,6.612041034833092,6.248042874508429,11.72321880483893,11.268034646773332,10.717191695635183,13.802304743770902,6.302618975744905,9.28702359674714,6.47543271670409,7.0431599159883405,7.085901464365611,9.387816877106937,5.43372200355424,6.244166900663736,10.31231367277647,10.782657764306842,4.583558468874012,2.9844046210022355,0,0,0,1,0,0,0,0
2023.Ⅱ,445.0,263.0,182.0,60543.0,38292.0,22251.0,1001434.0,751332.0,250102.0,216.0,206.0,4.0,6.0,5876.0,4868.0,312.0,696.0,145.0,144.0,0.0,1.0,609.0,608.0,0.0,1.0,68.0,195.0,51.0,131.0,13545.0,24748.0,19064.0,3187.0,328149.0,423184.0,194260.0,55842.0,202.0,0.0,4804.0,0.0,2023-04-01,2023,2,80,0.6324760913730737,0.3675239086269263,0.46140759460218356,0.5386089225839485,361.0,6485.0,0.0,136.05168539325842,27.203703703703702,6.09807428216624,5.572154032177765,5.204006687076795,11.011109135361826,10.552996276066244,10.010142230404668,13.816943530768157,5.375278407684165,8.678631537293768,4.976733742420574,6.411818267709897,5.8888779583328805,8.777247096750544,4.219507705176107,5.272999558563747,9.513772754519195,10.116499956650879,4.913034853195585,3.303353129609603,0,0,0,0,1,0,0,0
2023.Ⅲ,823.0,487.0,336.0,94017.0,55224.0,38793.0,1012135.0,764118.0,248017.0,355.0,327.0,19.0,9.0,6215.0,5543.0,524.0,148.0,447.0,446.0,0.0,1.0,581.0,580.0,0.0,1.0,149.0,338.0,117.0,219.0,18579.0,36646.0,26728.0,12064.0,328290.0,435830.0,189253.0,58764.0,323.0,0.0,5466.0,0.0,2023-07-01,2023,3,81,0.5873831328376783,0.4126168671623217,0.5180977908250636,0.4819022091749364,802.0,6796.0,0.0,114.23693803159173,17.507042253521128,6.71295620067707,6.18826412308259,5.817111159963204,11.451230895964388,10.919152920383311,10.565995096963961,13.827572519142151,5.872117789475416,8.734721003944811,6.102558594613569,6.364750756851911,6.687108607866515,8.824089482791823,5.003946305945459,5.823045895483019,9.82978718960617,10.50905956084012,4.738274695287319,2.8626032144693956,0,0,0,0,0,1,0,0
2023.Ⅳ,564.0,354.0,210.0,70997.0,42285.0,28712.0,1034890.0,781467.0,253423.0,259.0,244.0,11.0,4.0,8822.0,7806.0,963.0,53.0,179.0,179.0,0.0,0.0,755.0,755.0,0.0,0.0,116.0,238.0,77.0,133.0,13592.0,28693.0,23691.0,5022.0,332977.0,448491.0,193149.0,60274.0,242.0,0.0,7788.0,0.0,2023-10-01,2023,4,82,0.5955885459949012,0.4044114540050988,0.4748792202487429,0.5251348648534445,438.0,9577.0,0.0,125.88120567375887,34.061776061776065,6.335054251498059,5.869296913133774,5.3471075307174685,11.17039290160962,10.652187692216323,10.265070432827443,13.84980569884023,5.556828061699537,9.085003880664885,5.187385805840755,6.626717749249025,6.082218910376446,9.16711966952162,4.7535901911063645,5.472270673671475,9.517236663351769,10.264408469559651,4.835338650111562,3.5281758189653476,0,1,1,0,0,0,1,0
2024.Ⅰ,1277.0,739.0,538.0,127154.0,83116.0,44038.0,1050294.0,797631.0,252663.0,453.0,424.0,18.0,11.0,12220.0,11635.0,472.0,113.0,658.0,658.0,0.0,0.0,825.0,825.0,0.0,0.0,213.0,526.0,141.0,397.0,25869.0,57247.0,29934.0,14104.0,333586.0,464044.0,188667.0,63996.0,411.0,5.0,10973.0,53.0,2024-01-01,2024,1,83,0.6536640609025276,0.34633593909747235,0.5611384620224295,0.4388615379775705,1111.0,13045.0,0.011037527593818985,99.5724353954581,26.975717439293597,7.152268856032539,6.6052979209482015,6.2878585601617845,11.753154229262247,11.327992501419772,10.69280817654473,13.864580682941021,6.115892125483034,9.410829232725586,6.489204931325317,6.715383386334681,7.01301578963963,9.47616019757083,5.3612921657094255,6.26530121273771,10.160800619620435,10.955130518296741,4.600885373229708,3.294937107242552,1,0,1,1,0,0,0,1
2024.Ⅱ,445.0,273.0,172.0,92897.0,64788.0,28109.0,1253082.0,963976.0,289106.0,236.0,218.0,11.0,7.0,6034.0,5519.0,312.0,203.0,102.0,102.0,0.0,0.0,142.0,142.0,0.0,0.0,84.0,189.0,55.0,117.0,23275.0,41513.0,18768.0,9341.0,367288.0,596690.0,211238.0,77868.0,213.0,0.0,5474.0,0.0,2024-04-01,2024,2,84,0.6974175699968783,0.30258243000312174,0.5474234905325253,0.45257650946747474,338.0,6176.0,0.0,208.75730337078653,25.56779661016949,6.09807428216624,5.60947179518496,5.147494476813453,11.439246631492562,11.078875680006288,10.243845088739151,14.04111667467386,5.4638318050256105,8.705165419719007,4.624972813284271,4.955827057601261,5.823045895483019,8.728426091704613,4.430816798843313,5.241747015059643,10.055135102145268,10.633761910177357,5.341172349326323,3.241333614693396,1,0,1,0,1,0,0,2
2024.Ⅲ,767.0,466.0,301.0,92333.0,53593.0,38740.0,1231617.0,976380.0,255237.0,242.0,219.0,16.0,7.0,5105.0,4169.0,829.0,107.0,375.0,375.0,0.0,0.0,864.0,864.0,0.0,0.0,168.0,298.0,98.0,203.0,26494.0,27100.0,29694.0,9046.0,349250.0,627134.0,191686.0,63551.0,218.0,0.0,4166.0,0.0,2024-07-01,2024,3,85,0.5804316983093801,0.4195683016906198,0.3914743374524818,0.6085364929115268,617.0,5969.0,0.0,120.3820078226858,21.09504132231405,6.642486801367256,6.144185634125646,5.707110264748875,11.433156886386547,10.889173741515435,10.564627936960987,14.023838498120071,5.488937726156687,8.537975730598767,5.926926025970411,6.761572768804055,6.424869023905388,8.69433468816865,5.123963979403259,5.697093486505405,10.184673571244208,10.207289006867793,4.79067008501929,3.0490380044420795,1,0,1,0,0,1,0,3
2024.Ⅳ,663.0,415.0,248.0,87766.0,60845.0,26921.0,1264344.0,1005486.0,258858.0,339.0,321.0,12.0,6.0,8678.0,7903.0,695.0,80.0,215.0,214.0,0.0,1.0,1230.0,1198.0,0.0,32.0,117.0,298.0,64.0,184.0,24869.0,35976.0,18234.0,8688.0,361112.0,644374.0,192147.0,66711.0,317.0,0.0,7815.0,0.0,2024-10-01,2024,4,86,0.6932639062962879,0.30673609370371213,0.5088986623521637,0.4911127315817059,554.0,9908.0,0.0,132.37707390648566,25.59882005899705,6.4967749901858625,6.028278520230698,5.5134287461649825,11.382429460889227,11.016084925770901,10.200661930171254,14.050063968561064,5.82600010738045,9.068546366358296,5.3706380281276624,7.114769448366463,6.317164686747284,9.20109779060925,4.762173934797756,5.697093486505405,10.12137732690179,10.490607328450544,4.885654470703365,3.2425462589778458,1,0,1,0,0,0,1,4
2025.Ⅰ,1241.0,755.0,486.0,137876.0,87058.0,50818.0,1290878.0,1023530.0,267348.0,627.0,604.0,11.0,12.0,10175.0,8097.0,1679.0,399.0,613.0,613.0,0.0,0.0,657.0,657.0,0.0,0.0,232.0,523.0,127.0,359.0,33541.0,53518.0,37804.0,13014.0,373199.0,650335.0,198850.0,68498.0,589.0,1.0,7938.0,10.0,2025-01-01,2025,1,87,0.6314224375525834,0.3685775624474165,0.48254953726536887,0.5174577156285358,1240.0,10832.0,0.001594896331738437,111.10072522159548,16.228070175438596,7.123672785204607,6.626717749249025,6.186208623900494,11.83411000947601,11.37432984217988,10.836005901514934,14.07083316497604,6.440946540632921,9.227689010310796,6.418364935936212,6.48768401848461,7.122866658599083,9.290259995152056,5.44673737166631,6.259581464064923,10.420523850078832,10.887773324896092,4.710437224271403,2.786742469677875,1,0,1,1,0,0,0,5
2025.Ⅱ,392.0,242.0,150.0,88798.0,69358.0,19440.0,1122349.0,855864.0,266485.0,272.0,264.0,4.0,4.0,6030.0,5270.0,351.0,409.0,234.0,234.0,0.0,0.0,199.0,199.0,0.0,0.0,85.0,157.0,47.0,103.0,38363.0,30995.0,15599.0,3841.0,381033.0,474830.0,200010.0,66475.0,262.0,0.0,5251.0,0.0,2025-04-01,2025,2,88,0.7810761503637469,0.21892384963625308,0.39230613302101397,0.607693866978986,506.0,6229.0,0.0,226.52551020408163,22.169117647058822,5.971261839790462,5.488937726156687,5.0106352940962555,11.394119406204103,11.147036775975248,9.87508807801443,13.930934368391634,5.605802066295998,8.704502289721232,5.455321115357702,5.293304824724492,6.226536669287466,8.736971085254146,4.442651256490317,5.056245805348308,10.554848732404476,10.34158118013602,5.422857566413641,3.098700223425234,1,0,1,0,1,0,0,6
2025.Ⅲ,861.0,548.0,313.0,122064.0,78435.0,43629.0,1164441.0,895512.0,268929.0,440.0,432.0,1.0,7.0,6007.0,5839.0,98.0,70.0,519.0,519.0,0.0,0.0,577.0,577.0,0.0,0.0,172.0,376.0,110.0,203.0,28566.0,49869.0,33856.0,9774.0,402380.0,493134.0,198239.0,70690.0,432.0,0.0,5839.0,0.0,2025-07-01,2025,3,89,0.6425727487219819,0.3574272512780181,0.4886207235548565,0.5113874688687902,959.0,6584.0,0.0,141.77003484320556,13.652272727272727,6.7580945044277305,6.306275286948016,5.746203190540153,11.71230077633001,11.27002553529034,10.68347734584582,13.967751701501308,6.0867747269123065,8.700680734850161,6.251903883165888,6.3578422665081,6.8658910748834385,8.792397742356906,5.147494476813453,5.929589143389895,10.259972478422574,10.81715484620357,4.9542062719022795,2.6139060079378544,1,0,1,0,0,1,0,7
2025.Ⅳ,668.0,422.0,246.0,91163.0,63965.0,27198.0,1186294.0,914630.0,271664.0,293.0,271.0,15.0,7.0,7330.0,5608.0,1230.0,492.0,263.0,263.0,0.0,0.0,278.0,278.0,0.0,0.0,124.0,298.0,57.0,189.0,19109.0,44856.0,17239.0,9959.0,412542.0,502088.0,199956.0,71708.0,269.0,0.0,5556.0,0.0,2025-10-01,2025,4,90,0.7016552768118645,0.29834472318813554,0.6012856092932439,0.398714390706756,556.0,7608.0,0.0,136.47155688622755,25.017064846416382,6.504288173536645,6.045005314036012,5.5053315359323625,11.420404391988814,11.066091337751136,10.210898720168904,13.986344719893843,5.680172609017068,8.899730794880696,5.572154032177765,5.627621113690637,6.320768294250582,8.936955604225226,4.820281565605037,5.697093486505405,9.857914707241372,10.71121263780351,4.916116218452169,3.21955818586363,1,0,1,0,0,0,1,8
